
D:\develop\Yuexuan Local Service>set JAVA_HOME=D:\develop\JDK17 
[INFO] Scanning for projects...
[INFO] 
[INFO] -------------------------< com.sky:sky-server >-------------------------
[INFO] Building sky-server 1.0-SNAPSHOT
[INFO]   from pom.xml
[INFO] --------------------------------[ jar ]---------------------------------
[INFO] 
[INFO] >>> spring-boot:2.7.3:run (default-cli) > test-compile @ sky-server >>>
[INFO] 
[INFO] --- resources:3.2.0:resources (default-resources) @ sky-server ---
[INFO] Using 'UTF-8' encoding to copy filtered resources.
[INFO] Using 'UTF-8' encoding to copy filtered properties files.
[INFO] Copying 2 resources
[INFO] Copying 14 resources
[INFO] 
[INFO] --- compiler:3.10.1:compile (default-compile) @ sky-server ---
[INFO] Nothing to compile - all classes are up to date
[INFO] 
[INFO] --- resources:3.2.0:testResources (default-testResources) @ sky-server ---
[INFO] Not copying test resources
[INFO] 
[INFO] --- compiler:3.10.1:testCompile (default-testCompile) @ sky-server ---
[INFO] Not compiling test sources
[INFO] 
[INFO] <<< spring-boot:2.7.3:run (default-cli) < test-compile @ sky-server <<<
[INFO] 
[INFO] 
[INFO] --- spring-boot:2.7.3:run (default-cli) @ sky-server ---
[INFO] Attaching agents: []

  .   ____          _            __ _ _
 /\\ / ___'_ __ _ _(_)_ __  __ _ \ \ \ \
( ( )\___ | '_ | '_| | '_ \/ _` | \ \ \ \
 \\/  ___)| |_)| | | | | || (_| |  ) ) ) )
  '  |____| .__|_| |_|_| |_\__, | / / / /
 =========|_|==============|___/=/_/_/_/
 :: Spring Boot ::                (v2.7.3)

2026-09-18 21:35:36.874 INFO  [main] [traceId=] com.sky.SkyApplication - Starting SkyApplication using Java 17.0.18 on 见伊云喜 with PID 31468 (D:\develop\Yuexuan Local Service\sky-server\target-maven\classes started by 38246 in D:\develop\Yuexuan Local Service\sky-server)
2026-09-18 21:35:36.876 INFO  [main] [traceId=] com.sky.SkyApplication - The following 1 profile is active: "dev"
2026-09-18 21:35:37.537 INFO  [main] [traceId=] o.s.d.r.c.RepositoryConfigurationDelegate - Multiple Spring Data modules found, entering strict repository configuration mode
2026-09-18 21:35:37.539 INFO  [main] [traceId=] o.s.d.r.c.RepositoryConfigurationDelegate - Bootstrapping Spring Data Redis repositories in DEFAULT mode.
2026-09-18 21:35:37.566 INFO  [main] [traceId=] o.s.d.r.c.RepositoryConfigurationDelegate - Finished Spring Data repository scanning in 15 ms. Found 0 Redis repository interfaces.
2026-09-18 21:35:38.361 INFO  [main] [traceId=] o.s.b.w.e.tomcat.TomcatWebServer - Tomcat initialized with port(s): 8080 (http)
2026-09-18 21:35:38.368 INFO  [main] [traceId=] o.a.catalina.core.StandardService - Starting service [Tomcat]
2026-09-18 21:35:38.368 INFO  [main] [traceId=] o.a.catalina.core.StandardEngine - Starting Servlet engine: [Apache Tomcat/9.0.65]
2026-09-18 21:35:38.489 INFO  [main] [traceId=] o.a.c.c.C.[Tomcat].[localhost].[/] - Initializing Spring embedded WebApplicationContext
2026-09-18 21:35:38.489 INFO  [main] [traceId=] o.s.b.w.s.c.ServletWebServerApplicationContext - Root WebApplicationContext: initialization completed in 1573 ms
2026-09-18 21:35:38.667 INFO  [main] [traceId=] com.sky.config.RedisConfiguration - 开始创建RedisTemplate对象...
2026-09-18 21:35:38.710 INFO  [main] [traceId=] com.sky.config.RedisConfiguration - 创建RedisTemplate对象成功！
2026-09-18 21:35:38.711 INFO  [main] [traceId=] com.sky.config.RedisConfiguration - 开始设置RedisTemplate的序列化器...
2026-09-18 21:35:38.804 INFO  [main] [traceId=] c.a.d.s.b.a.DruidDataSourceAutoConfigure - Init DruidDataSource
2026-09-18 21:35:38.930 INFO  [main] [traceId=] c.alibaba.druid.pool.DruidDataSource - {dataSource-1} inited
2026-09-18 21:35:39.157 INFO  [main] [traceId=] com.sky.config.OssConfiguration - 开始创建阿里云文件上传工具类对象，Endpoint: oss-cn-chengdu.aliyuncs.com
2026-09-18 21:35:39.426 INFO  [main] [traceId=] com.sky.config.WebMvcConfiguration - 开始注册自定义拦截器...
2026-09-18 21:35:39.510 INFO  [main] [traceId=] com.sky.config.WebMvcConfiguration - 开始创建knife4j接口文档...
2026-09-18 21:35:39.546 INFO  [main] [traceId=] com.sky.config.WebMvcConfiguration - 扩展消息转换器...
2026-09-18 21:35:39.550 INFO  [main] [traceId=] com.sky.config.WebMvcConfiguration - 开始进行静态资源映射...
2026-09-18 21:35:39.968 INFO  [main] [traceId=] o.s.b.w.e.tomcat.TomcatWebServer - Tomcat started on port(s): 8080 (http) with context path ''
2026-09-18 21:35:40.412 INFO  [main] [traceId=] com.sky.SkyApplication - Started SkyApplication in 3.876 seconds (JVM running for 4.256)
2026-09-18 21:35:40.414 INFO  [main] [traceId=] com.sky.SkyApplication - server started
2026-09-18 21:36:00.014 INFO  [scheduling-1] [traceId=] com.sky.task.OrderTask - user订单取消任务开始执行
2026-09-18 21:36:00.292 DEBUG [scheduling-1] [traceId=] c.s.m.O.cancelOrderByStatusAndTime - ==>  Preparing: select * from orders where status = ? and order_time < ?
2026-09-18 21:36:00.339 DEBUG [scheduling-1] [traceId=] c.s.m.O.cancelOrderByStatusAndTime - ==> Parameters: 1(Integer), 2026-09-18T21:21:00.015830(LocalDateTime)
2026-09-18 21:36:00.382 DEBUG [scheduling-1] [traceId=] c.s.m.O.cancelOrderByStatusAndTime - <==      Total: 0
2026-09-18 21:36:08.073 INFO  [http-nio-8080-exec-1] [traceId=] o.a.c.c.C.[Tomcat].[localhost].[/] - Initializing Spring DispatcherServlet 'dispatcherServlet'
2026-09-18 21:36:08.074 INFO  [http-nio-8080-exec-1] [traceId=] o.s.web.servlet.DispatcherServlet - Initializing Servlet 'dispatcherServlet'
2026-09-18 21:36:08.077 INFO  [http-nio-8080-exec-1] [traceId=] o.s.web.servlet.DispatcherServlet - Completed initialization in 2 ms
2026-09-18 21:36:08.084 INFO  [http-nio-8080-exec-1] [traceId=a6d43b67bad147b898a72d6d7fbe7001] com.sky.filter.TraceIdFilter - 请求开始 method=POST, uri=/user/user/login
2026-09-18 21:36:08.202 INFO  [http-nio-8080-exec-1] [traceId=a6d43b67bad147b898a72d6d7fbe7001] c.sky.controller.user.UserController - 用户登录：codex-catalog-check
2026-09-18 21:36:08.203 INFO  [http-nio-8080-exec-1] [traceId=a6d43b67bad147b898a72d6d7fbe7001] com.sky.service.impl.UserServiceImpl - 微信登录，参数：UserLoginDTO(code=codex-catalog-check)
2026-09-18 21:36:08.204 INFO  [http-nio-8080-exec-1] [traceId=a6d43b67bad147b898a72d6d7fbe7001] com.sky.service.impl.UserServiceImpl - 使用本地模拟微信登录，openid=dev_xjite9
2026-09-18 21:36:08.205 DEBUG [http-nio-8080-exec-1] [traceId=a6d43b67bad147b898a72d6d7fbe7001] c.sky.mapper.UserMapper.getByOpenid - ==>  Preparing: select * from user where openid = ?
2026-09-18 21:36:08.205 DEBUG [http-nio-8080-exec-1] [traceId=a6d43b67bad147b898a72d6d7fbe7001] c.sky.mapper.UserMapper.getByOpenid - ==> Parameters: dev_xjite9(String)
2026-09-18 21:36:08.215 DEBUG [http-nio-8080-exec-1] [traceId=a6d43b67bad147b898a72d6d7fbe7001] c.sky.mapper.UserMapper.getByOpenid - <==      Total: 1
2026-09-18 21:36:08.344 INFO  [http-nio-8080-exec-1] [traceId=a6d43b67bad147b898a72d6d7fbe7001] com.sky.filter.TraceIdFilter - 请求结束 method=POST, uri=/user/user/login, status=200, elapsedMs=261
2026-09-18 21:36:08.472 INFO  [http-nio-8080-exec-6] [traceId=625dafcc815846e28251c8d24608b81b] com.sky.filter.TraceIdFilter - 请求开始 method=GET, uri=/user/category/list
2026-09-18 21:36:08.473 INFO  [http-nio-8080-exec-6] [traceId=625dafcc815846e28251c8d24608b81b] c.s.i.JwtTokenUserInterceptor - jwt校验:eyJhbGciOiJIUzI1NiJ9.eyJleHAiOjE3ODk3NDU3NjgsInVzZXJJZCI6OH0.SEFFb_uSCgtAgRk2ZueJZoDO1jOXfjkC1Wk5ozXydhw
2026-09-18 21:36:08.503 INFO  [http-nio-8080-exec-6] [traceId=625dafcc815846e28251c8d24608b81b] c.s.i.JwtTokenUserInterceptor - 当前用户id：8
2026-09-18 21:36:08.543 DEBUG [http-nio-8080-exec-6] [traceId=625dafcc815846e28251c8d24608b81b] com.sky.mapper.CategoryMapper.list - ==>  Preparing: select * from category where status = 1 order by sort asc,create_time desc
2026-09-18 21:36:08.543 DEBUG [http-nio-8080-exec-6] [traceId=625dafcc815846e28251c8d24608b81b] com.sky.mapper.CategoryMapper.list - ==> Parameters: 
2026-09-18 21:36:08.550 DEBUG [http-nio-8080-exec-6] [traceId=625dafcc815846e28251c8d24608b81b] com.sky.mapper.CategoryMapper.list - <==      Total: 8
2026-09-18 21:36:08.558 INFO  [http-nio-8080-exec-6] [traceId=625dafcc815846e28251c8d24608b81b] com.sky.filter.TraceIdFilter - 请求结束 method=GET, uri=/user/category/list, status=200, elapsedMs=86
2026-09-18 21:36:08.569 INFO  [http-nio-8080-exec-3] [traceId=7dcead58e6b94aea800403966360383a] com.sky.filter.TraceIdFilter - 请求开始 method=GET, uri=/user/dish/list
2026-09-18 21:36:08.569 INFO  [http-nio-8080-exec-3] [traceId=7dcead58e6b94aea800403966360383a] c.s.i.JwtTokenUserInterceptor - jwt校验:eyJhbGciOiJIUzI1NiJ9.eyJleHAiOjE3ODk3NDU3NjgsInVzZXJJZCI6OH0.SEFFb_uSCgtAgRk2ZueJZoDO1jOXfjkC1Wk5ozXydhw
2026-09-18 21:36:08.571 INFO  [http-nio-8080-exec-3] [traceId=7dcead58e6b94aea800403966360383a] c.s.i.JwtTokenUserInterceptor - 当前用户id：8
2026-09-18 21:36:08.573 INFO  [http-nio-8080-exec-3] [traceId=7dcead58e6b94aea800403966360383a] c.sky.controller.user.DishController - 根据分类 ID 查询商品，分类 ID：11
2026-09-18 21:36:09.316 INFO  [http-nio-8080-exec-3] [traceId=7dcead58e6b94aea800403966360383a] c.sky.controller.user.DishController - 从缓存中查询商品数据
2026-09-18 21:36:09.323 INFO  [http-nio-8080-exec-3] [traceId=7dcead58e6b94aea800403966360383a] com.sky.filter.TraceIdFilter - 请求结束 method=GET, uri=/user/dish/list, status=200, elapsedMs=755
2026-09-18 21:36:29.689 INFO  [http-nio-8080-exec-7] [traceId=0751adf589674ea9a252755a6b3aa9e7] com.sky.filter.TraceIdFilter - 请求开始 method=POST, uri=/user/user/login
2026-09-18 21:36:29.690 INFO  [http-nio-8080-exec-7] [traceId=0751adf589674ea9a252755a6b3aa9e7] c.sky.controller.user.UserController - 用户登录：codex-catalog-check-2
2026-09-18 21:36:29.690 INFO  [http-nio-8080-exec-7] [traceId=0751adf589674ea9a252755a6b3aa9e7] com.sky.service.impl.UserServiceImpl - 微信登录，参数：UserLoginDTO(code=codex-catalog-check-2)
2026-09-18 21:36:29.690 INFO  [http-nio-8080-exec-7] [traceId=0751adf589674ea9a252755a6b3aa9e7] com.sky.service.impl.UserServiceImpl - 使用本地模拟微信登录，openid=dev_1l598qe
2026-09-18 21:36:29.691 DEBUG [http-nio-8080-exec-7] [traceId=0751adf589674ea9a252755a6b3aa9e7] c.sky.mapper.UserMapper.getByOpenid - ==>  Preparing: select * from user where openid = ?
2026-09-18 21:36:29.691 DEBUG [http-nio-8080-exec-7] [traceId=0751adf589674ea9a252755a6b3aa9e7] c.sky.mapper.UserMapper.getByOpenid - ==> Parameters: dev_1l598qe(String)
2026-09-18 21:36:29.692 DEBUG [http-nio-8080-exec-7] [traceId=0751adf589674ea9a252755a6b3aa9e7] c.sky.mapper.UserMapper.getByOpenid - <==      Total: 0
2026-09-18 21:36:29.692 DEBUG [http-nio-8080-exec-7] [traceId=0751adf589674ea9a252755a6b3aa9e7] com.sky.mapper.UserMapper.insert - ==>  Preparing: insert into user (openid, name, phone, sex, id_number, avatar, create_time) values (?, ?, ?, ?, ?, ?, ?)
2026-09-18 21:36:29.693 DEBUG [http-nio-8080-exec-7] [traceId=0751adf589674ea9a252755a6b3aa9e7] com.sky.mapper.UserMapper.insert - ==> Parameters: dev_1l598qe(String), null, null, null, null, null, 2026-09-18T21:36:29.692394900(LocalDateTime)
2026-09-18 21:36:29.696 DEBUG [http-nio-8080-exec-7] [traceId=0751adf589674ea9a252755a6b3aa9e7] com.sky.mapper.UserMapper.insert - <==    Updates: 1
2026-09-18 21:36:29.698 INFO  [http-nio-8080-exec-7] [traceId=0751adf589674ea9a252755a6b3aa9e7] com.sky.filter.TraceIdFilter - 请求结束 method=POST, uri=/user/user/login, status=200, elapsedMs=9
2026-09-18 21:36:29.752 INFO  [http-nio-8080-exec-9] [traceId=59b0e8ec36ab4f56ab093362cdb360d9] com.sky.filter.TraceIdFilter - 请求开始 method=GET, uri=/user/dish/list
2026-09-18 21:36:29.753 INFO  [http-nio-8080-exec-9] [traceId=59b0e8ec36ab4f56ab093362cdb360d9] c.s.i.JwtTokenUserInterceptor - jwt校验:eyJhbGciOiJIUzI1NiJ9.eyJleHAiOjE3ODk3NDU3ODksInVzZXJJZCI6OX0.xQO1Yf5Ve3tWvzFiHu-4Mb7izJ1Fsq1hZNGDpPjjBdA
2026-09-18 21:36:29.753 INFO  [http-nio-8080-exec-9] [traceId=59b0e8ec36ab4f56ab093362cdb360d9] c.s.i.JwtTokenUserInterceptor - 当前用户id：9
2026-09-18 21:36:29.753 INFO  [http-nio-8080-exec-9] [traceId=59b0e8ec36ab4f56ab093362cdb360d9] c.sky.controller.user.DishController - 根据分类 ID 查询商品，分类 ID：11
2026-09-18 21:36:29.755 INFO  [http-nio-8080-exec-9] [traceId=59b0e8ec36ab4f56ab093362cdb360d9] c.sky.controller.user.DishController - 从缓存中查询商品数据
2026-09-18 21:36:29.755 INFO  [http-nio-8080-exec-9] [traceId=59b0e8ec36ab4f56ab093362cdb360d9] com.sky.filter.TraceIdFilter - 请求结束 method=GET, uri=/user/dish/list, status=200, elapsedMs=3
2026-09-18 21:37:00.014 INFO  [scheduling-1] [traceId=] com.sky.task.OrderTask - user订单取消任务开始执行
2026-09-18 21:37:00.014 DEBUG [scheduling-1] [traceId=] c.s.m.O.cancelOrderByStatusAndTime - ==>  Preparing: select * from orders where status = ? and order_time < ?
2026-09-18 21:37:00.015 DEBUG [scheduling-1] [traceId=] c.s.m.O.cancelOrderByStatusAndTime - ==> Parameters: 1(Integer), 2026-09-18T21:22:00.014178600(LocalDateTime)
2026-09-18 21:37:00.016 DEBUG [scheduling-1] [traceId=] c.s.m.O.cancelOrderByStatusAndTime - <==      Total: 0
2026-09-18 21:38:00.001 INFO  [scheduling-1] [traceId=] com.sky.task.OrderTask - user订单取消任务开始执行
2026-09-18 21:38:00.002 DEBUG [scheduling-1] [traceId=] c.s.m.O.cancelOrderByStatusAndTime - ==>  Preparing: select * from orders where status = ? and order_time < ?
2026-09-18 21:38:00.003 DEBUG [scheduling-1] [traceId=] c.s.m.O.cancelOrderByStatusAndTime - ==> Parameters: 1(Integer), 2026-09-18T21:23:00.001867600(LocalDateTime)
2026-09-18 21:38:00.005 DEBUG [scheduling-1] [traceId=] c.s.m.O.cancelOrderByStatusAndTime - <==      Total: 0
2026-09-18 21:38:32.127 INFO  [http-nio-8080-exec-1] [traceId=60c7c8bf2b294e288989167669cd8876] com.sky.filter.TraceIdFilter - 请求开始 method=POST, uri=/user/user/login
2026-09-18 21:38:32.128 INFO  [http-nio-8080-exec-1] [traceId=60c7c8bf2b294e288989167669cd8876] c.sky.controller.user.UserController - 用户登录：codex-spec-check
2026-09-18 21:38:32.128 INFO  [http-nio-8080-exec-1] [traceId=60c7c8bf2b294e288989167669cd8876] com.sky.service.impl.UserServiceImpl - 微信登录，参数：UserLoginDTO(code=codex-spec-check)
2026-09-18 21:38:32.128 INFO  [http-nio-8080-exec-1] [traceId=60c7c8bf2b294e288989167669cd8876] com.sky.service.impl.UserServiceImpl - 使用本地模拟微信登录，openid=dev_1blw0hj
2026-09-18 21:38:32.129 DEBUG [http-nio-8080-exec-1] [traceId=60c7c8bf2b294e288989167669cd8876] c.sky.mapper.UserMapper.getByOpenid - ==>  Preparing: select * from user where openid = ?
2026-09-18 21:38:32.129 DEBUG [http-nio-8080-exec-1] [traceId=60c7c8bf2b294e288989167669cd8876] c.sky.mapper.UserMapper.getByOpenid - ==> Parameters: dev_1blw0hj(String)
2026-09-18 21:38:32.130 DEBUG [http-nio-8080-exec-1] [traceId=60c7c8bf2b294e288989167669cd8876] c.sky.mapper.UserMapper.getByOpenid - <==      Total: 0
2026-09-18 21:38:32.130 DEBUG [http-nio-8080-exec-1] [traceId=60c7c8bf2b294e288989167669cd8876] com.sky.mapper.UserMapper.insert - ==>  Preparing: insert into user (openid, name, phone, sex, id_number, avatar, create_time) values (?, ?, ?, ?, ?, ?, ?)
2026-09-18 21:38:32.131 DEBUG [http-nio-8080-exec-1] [traceId=60c7c8bf2b294e288989167669cd8876] com.sky.mapper.UserMapper.insert - ==> Parameters: dev_1blw0hj(String), null, null, null, null, null, 2026-09-18T21:38:32.130504600(LocalDateTime)
2026-09-18 21:38:32.135 DEBUG [http-nio-8080-exec-1] [traceId=60c7c8bf2b294e288989167669cd8876] com.sky.mapper.UserMapper.insert - <==    Updates: 1
2026-09-18 21:38:32.136 INFO  [http-nio-8080-exec-1] [traceId=60c7c8bf2b294e288989167669cd8876] com.sky.filter.TraceIdFilter - 请求结束 method=POST, uri=/user/user/login, status=200, elapsedMs=9
2026-09-18 21:38:32.189 INFO  [http-nio-8080-exec-6] [traceId=6c8921ae438b479c9bee0ca49231d049] com.sky.filter.TraceIdFilter - 请求开始 method=GET, uri=/user/dish/list
2026-09-18 21:38:32.190 INFO  [http-nio-8080-exec-6] [traceId=6c8921ae438b479c9bee0ca49231d049] c.s.i.JwtTokenUserInterceptor - jwt校验:eyJhbGciOiJIUzI1NiJ9.eyJleHAiOjE3ODk3NDU5MTIsInVzZXJJZCI6MTB9.OAr2lhTMR9vB3Ln3KF9067qyZwdkK1DfToXqF6SGi8I
2026-09-18 21:38:32.191 INFO  [http-nio-8080-exec-6] [traceId=6c8921ae438b479c9bee0ca49231d049] c.s.i.JwtTokenUserInterceptor - 当前用户id：10
2026-09-18 21:38:32.191 INFO  [http-nio-8080-exec-6] [traceId=6c8921ae438b479c9bee0ca49231d049] c.sky.controller.user.DishController - 根据分类 ID 查询商品，分类 ID：11
2026-09-18 21:38:32.197 DEBUG [http-nio-8080-exec-6] [traceId=6c8921ae438b479c9bee0ca49231d049] com.sky.mapper.DishMapper.list - ==>  Preparing: select * from dish WHERE category_id = ? and status = ? order by create_time desc
2026-09-18 21:38:32.198 DEBUG [http-nio-8080-exec-6] [traceId=6c8921ae438b479c9bee0ca49231d049] com.sky.mapper.DishMapper.list - ==> Parameters: 11(Long), 1(Integer)
2026-09-18 21:38:32.200 DEBUG [http-nio-8080-exec-6] [traceId=6c8921ae438b479c9bee0ca49231d049] com.sky.mapper.DishMapper.list - <==      Total: 3
2026-09-18 21:38:32.208 DEBUG [http-nio-8080-exec-6] [traceId=6c8921ae438b479c9bee0ca49231d049] c.s.m.DishFlavorMapper.getByDishId - ==>  Preparing: select * from dish_flavor where dish_id = ?
2026-09-18 21:38:32.209 DEBUG [http-nio-8080-exec-6] [traceId=6c8921ae438b479c9bee0ca49231d049] c.s.m.DishFlavorMapper.getByDishId - ==> Parameters: 48(Long)
2026-09-18 21:38:32.210 DEBUG [http-nio-8080-exec-6] [traceId=6c8921ae438b479c9bee0ca49231d049] c.s.m.DishFlavorMapper.getByDishId - <==      Total: 1
2026-09-18 21:38:32.210 DEBUG [http-nio-8080-exec-6] [traceId=6c8921ae438b479c9bee0ca49231d049] c.s.m.DishFlavorMapper.getByDishId - ==>  Preparing: select * from dish_flavor where dish_id = ?
2026-09-18 21:38:32.210 DEBUG [http-nio-8080-exec-6] [traceId=6c8921ae438b479c9bee0ca49231d049] c.s.m.DishFlavorMapper.getByDishId - ==> Parameters: 47(Long)
2026-09-18 21:38:32.211 DEBUG [http-nio-8080-exec-6] [traceId=6c8921ae438b479c9bee0ca49231d049] c.s.m.DishFlavorMapper.getByDishId - <==      Total: 1
2026-09-18 21:38:32.211 DEBUG [http-nio-8080-exec-6] [traceId=6c8921ae438b479c9bee0ca49231d049] c.s.m.DishFlavorMapper.getByDishId - ==>  Preparing: select * from dish_flavor where dish_id = ?
2026-09-18 21:38:32.211 DEBUG [http-nio-8080-exec-6] [traceId=6c8921ae438b479c9bee0ca49231d049] c.s.m.DishFlavorMapper.getByDishId - ==> Parameters: 46(Long)
2026-09-18 21:38:32.212 DEBUG [http-nio-8080-exec-6] [traceId=6c8921ae438b479c9bee0ca49231d049] c.s.m.DishFlavorMapper.getByDishId - <==      Total: 1
2026-09-18 21:38:32.212 INFO  [http-nio-8080-exec-6] [traceId=6c8921ae438b479c9bee0ca49231d049] c.sky.controller.user.DishController - 从数据库中查询商品数据
2026-09-18 21:38:32.229 INFO  [http-nio-8080-exec-6] [traceId=6c8921ae438b479c9bee0ca49231d049] com.sky.filter.TraceIdFilter - 请求结束 method=GET, uri=/user/dish/list, status=200, elapsedMs=40
2026-09-18 21:39:00.001 INFO  [scheduling-1] [traceId=] com.sky.task.OrderTask - user订单取消任务开始执行
2026-09-18 21:39:00.001 DEBUG [scheduling-1] [traceId=] c.s.m.O.cancelOrderByStatusAndTime - ==>  Preparing: select * from orders where status = ? and order_time < ?
2026-09-18 21:39:00.001 DEBUG [scheduling-1] [traceId=] c.s.m.O.cancelOrderByStatusAndTime - ==> Parameters: 1(Integer), 2026-09-18T21:24:00.001577900(LocalDateTime)
2026-09-18 21:39:00.002 DEBUG [scheduling-1] [traceId=] c.s.m.O.cancelOrderByStatusAndTime - <==      Total: 0
2026-09-18 21:39:04.637 INFO  [http-nio-8080-exec-3] [traceId=yx-mu708lkj-j458dr48] com.sky.filter.TraceIdFilter - 请求开始 method=GET, uri=/user/shop/status
2026-09-18 21:39:04.639 INFO  [http-nio-8080-exec-3] [traceId=yx-mu708lkj-j458dr48] c.sky.controller.user.ShopController - 获取营业状态：营业中
2026-09-18 21:39:04.640 INFO  [http-nio-8080-exec-3] [traceId=yx-mu708lkj-j458dr48] com.sky.filter.TraceIdFilter - 请求结束 method=GET, uri=/user/shop/status, status=200, elapsedMs=3
2026-09-18 21:39:11.338 INFO  [http-nio-8080-exec-4] [traceId=yx-mu708qqt-vfpur2vi] com.sky.filter.TraceIdFilter - 请求开始 method=POST, uri=/user/user/login
2026-09-18 21:39:11.339 INFO  [http-nio-8080-exec-4] [traceId=yx-mu708qqt-vfpur2vi] c.sky.controller.user.UserController - 用户登录：0f3wwVFa1UBJsM0dE4Ha1fr3Op4wwVF0
2026-09-18 21:39:11.339 INFO  [http-nio-8080-exec-4] [traceId=yx-mu708qqt-vfpur2vi] com.sky.service.impl.UserServiceImpl - 微信登录，参数：UserLoginDTO(code=0f3wwVFa1UBJsM0dE4Ha1fr3Op4wwVF0)
2026-09-18 21:39:11.339 INFO  [http-nio-8080-exec-4] [traceId=yx-mu708qqt-vfpur2vi] com.sky.service.impl.UserServiceImpl - 使用本地模拟微信登录，openid=dev_7o9ed4
2026-09-18 21:39:11.339 DEBUG [http-nio-8080-exec-4] [traceId=yx-mu708qqt-vfpur2vi] c.sky.mapper.UserMapper.getByOpenid - ==>  Preparing: select * from user where openid = ?
2026-09-18 21:39:11.339 DEBUG [http-nio-8080-exec-4] [traceId=yx-mu708qqt-vfpur2vi] c.sky.mapper.UserMapper.getByOpenid - ==> Parameters: dev_7o9ed4(String)
2026-09-18 21:39:11.340 DEBUG [http-nio-8080-exec-4] [traceId=yx-mu708qqt-vfpur2vi] c.sky.mapper.UserMapper.getByOpenid - <==      Total: 0
2026-09-18 21:39:11.341 DEBUG [http-nio-8080-exec-4] [traceId=yx-mu708qqt-vfpur2vi] com.sky.mapper.UserMapper.insert - ==>  Preparing: insert into user (openid, name, phone, sex, id_number, avatar, create_time) values (?, ?, ?, ?, ?, ?, ?)
2026-09-18 21:39:11.342 DEBUG [http-nio-8080-exec-4] [traceId=yx-mu708qqt-vfpur2vi] com.sky.mapper.UserMapper.insert - ==> Parameters: dev_7o9ed4(String), null, null, null, null, null, 2026-09-18T21:39:11.340361800(LocalDateTime)
2026-09-18 21:39:11.347 DEBUG [http-nio-8080-exec-4] [traceId=yx-mu708qqt-vfpur2vi] com.sky.mapper.UserMapper.insert - <==    Updates: 1
2026-09-18 21:39:11.349 INFO  [http-nio-8080-exec-4] [traceId=yx-mu708qqt-vfpur2vi] com.sky.filter.TraceIdFilter - 请求结束 method=POST, uri=/user/user/login, status=200, elapsedMs=11
2026-09-18 21:39:11.358 INFO  [http-nio-8080-exec-7] [traceId=yx-mu708qre-3nyotqo3] com.sky.filter.TraceIdFilter - 请求开始 method=GET, uri=/user/category/list
2026-09-18 21:39:11.358 INFO  [http-nio-8080-exec-7] [traceId=yx-mu708qre-3nyotqo3] c.s.i.JwtTokenUserInterceptor - jwt校验:eyJhbGciOiJIUzI1NiJ9.eyJleHAiOjE3ODk3NDU5NTEsInVzZXJJZCI6MTF9.5T9fFDkU9mDgfy-PdavW83k9y9TYvNolmWZdEP0_s1A
2026-09-18 21:39:11.359 INFO  [http-nio-8080-exec-7] [traceId=yx-mu708qre-3nyotqo3] c.s.i.JwtTokenUserInterceptor - 当前用户id：11
2026-09-18 21:39:11.359 DEBUG [http-nio-8080-exec-7] [traceId=yx-mu708qre-3nyotqo3] com.sky.mapper.CategoryMapper.list - ==>  Preparing: select * from category where status = 1 order by sort asc,create_time desc
2026-09-18 21:39:11.359 DEBUG [http-nio-8080-exec-7] [traceId=yx-mu708qre-3nyotqo3] com.sky.mapper.CategoryMapper.list - ==> Parameters: 
2026-09-18 21:39:11.360 INFO  [http-nio-8080-exec-8] [traceId=yx-mu708qrg-l7eb9l8d] com.sky.filter.TraceIdFilter - 请求开始 method=GET, uri=/user/shoppingCart/list
2026-09-18 21:39:11.360 INFO  [http-nio-8080-exec-8] [traceId=yx-mu708qrg-l7eb9l8d] c.s.i.JwtTokenUserInterceptor - jwt校验:eyJhbGciOiJIUzI1NiJ9.eyJleHAiOjE3ODk3NDU5NTEsInVzZXJJZCI6MTF9.5T9fFDkU9mDgfy-PdavW83k9y9TYvNolmWZdEP0_s1A
2026-09-18 21:39:11.361 INFO  [http-nio-8080-exec-8] [traceId=yx-mu708qrg-l7eb9l8d] c.s.i.JwtTokenUserInterceptor - 当前用户id：11
2026-09-18 21:39:11.362 INFO  [http-nio-8080-exec-8] [traceId=yx-mu708qrg-l7eb9l8d] c.s.c.user.ShoppingCartController - 用户查看购物车
2026-09-18 21:39:11.363 DEBUG [http-nio-8080-exec-7] [traceId=yx-mu708qre-3nyotqo3] com.sky.mapper.CategoryMapper.list - <==      Total: 8
2026-09-18 21:39:11.364 DEBUG [http-nio-8080-exec-8] [traceId=yx-mu708qrg-l7eb9l8d] c.sky.mapper.ShoppingCartMapper.list - ==>  Preparing: select * from shopping_cart WHERE user_id = ?
2026-09-18 21:39:11.364 DEBUG [http-nio-8080-exec-8] [traceId=yx-mu708qrg-l7eb9l8d] c.sky.mapper.ShoppingCartMapper.list - ==> Parameters: 11(Long)
2026-09-18 21:39:11.365 DEBUG [http-nio-8080-exec-8] [traceId=yx-mu708qrg-l7eb9l8d] c.sky.mapper.ShoppingCartMapper.list - <==      Total: 0
2026-09-18 21:39:11.366 INFO  [http-nio-8080-exec-7] [traceId=yx-mu708qre-3nyotqo3] com.sky.filter.TraceIdFilter - 请求结束 method=GET, uri=/user/category/list, status=200, elapsedMs=8
2026-09-18 21:39:11.366 INFO  [http-nio-8080-exec-8] [traceId=yx-mu708qrg-l7eb9l8d] com.sky.filter.TraceIdFilter - 请求结束 method=GET, uri=/user/shoppingCart/list, status=200, elapsedMs=6
2026-09-18 21:39:11.377 INFO  [http-nio-8080-exec-9] [traceId=yx-mu708qrx-t0ogaevn] com.sky.filter.TraceIdFilter - 请求开始 method=GET, uri=/user/dish/list
2026-09-18 21:39:11.377 INFO  [http-nio-8080-exec-9] [traceId=yx-mu708qrx-t0ogaevn] c.s.i.JwtTokenUserInterceptor - jwt校验:eyJhbGciOiJIUzI1NiJ9.eyJleHAiOjE3ODk3NDU5NTEsInVzZXJJZCI6MTF9.5T9fFDkU9mDgfy-PdavW83k9y9TYvNolmWZdEP0_s1A
2026-09-18 21:39:11.379 INFO  [http-nio-8080-exec-9] [traceId=yx-mu708qrx-t0ogaevn] c.s.i.JwtTokenUserInterceptor - 当前用户id：11
2026-09-18 21:39:11.379 INFO  [http-nio-8080-exec-9] [traceId=yx-mu708qrx-t0ogaevn] c.sky.controller.user.DishController - 根据分类 ID 查询商品，分类 ID：11
2026-09-18 21:39:11.380 INFO  [http-nio-8080-exec-9] [traceId=yx-mu708qrx-t0ogaevn] c.sky.controller.user.DishController - 从缓存中查询商品数据
2026-09-18 21:39:11.381 INFO  [http-nio-8080-exec-9] [traceId=yx-mu708qrx-t0ogaevn] com.sky.filter.TraceIdFilter - 请求结束 method=GET, uri=/user/dish/list, status=200, elapsedMs=4
2026-09-18 21:39:11.402 INFO  [http-nio-8080-exec-10] [traceId=43a648f8596c4fc2ac5aefa4a2e0e8de] com.sky.filter.TraceIdFilter - 请求开始 method=GET, uri=/assets/yuexuan-product.svg
2026-09-18 21:39:11.406 INFO  [http-nio-8080-exec-10] [traceId=43a648f8596c4fc2ac5aefa4a2e0e8de] com.sky.filter.TraceIdFilter - 请求结束 method=GET, uri=/assets/yuexuan-product.svg, status=304, elapsedMs=4
2026-09-18 21:39:13.691 INFO  [http-nio-8080-exec-1] [traceId=yx-mu708sk4-sc1sdq79] com.sky.filter.TraceIdFilter - 请求开始 method=GET, uri=/user/dish/list
2026-09-18 21:39:13.692 INFO  [http-nio-8080-exec-1] [traceId=yx-mu708sk4-sc1sdq79] c.s.i.JwtTokenUserInterceptor - jwt校验:eyJhbGciOiJIUzI1NiJ9.eyJleHAiOjE3ODk3NDU5NTEsInVzZXJJZCI6MTF9.5T9fFDkU9mDgfy-PdavW83k9y9TYvNolmWZdEP0_s1A
2026-09-18 21:39:13.692 INFO  [http-nio-8080-exec-1] [traceId=yx-mu708sk4-sc1sdq79] c.s.i.JwtTokenUserInterceptor - 当前用户id：11
2026-09-18 21:39:13.693 INFO  [http-nio-8080-exec-1] [traceId=yx-mu708sk4-sc1sdq79] c.sky.controller.user.DishController - 根据分类 ID 查询商品，分类 ID：12
2026-09-18 21:39:13.695 DEBUG [http-nio-8080-exec-1] [traceId=yx-mu708sk4-sc1sdq79] com.sky.mapper.DishMapper.list - ==>  Preparing: select * from dish WHERE category_id = ? and status = ? order by create_time desc
2026-09-18 21:39:13.696 DEBUG [http-nio-8080-exec-1] [traceId=yx-mu708sk4-sc1sdq79] com.sky.mapper.DishMapper.list - ==> Parameters: 12(Long), 1(Integer)
2026-09-18 21:39:13.701 DEBUG [http-nio-8080-exec-1] [traceId=yx-mu708sk4-sc1sdq79] com.sky.mapper.DishMapper.list - <==      Total: 5
2026-09-18 21:39:13.702 DEBUG [http-nio-8080-exec-1] [traceId=yx-mu708sk4-sc1sdq79] c.s.m.DishFlavorMapper.getByDishId - ==>  Preparing: select * from dish_flavor where dish_id = ?
2026-09-18 21:39:13.703 DEBUG [http-nio-8080-exec-1] [traceId=yx-mu708sk4-sc1sdq79] c.s.m.DishFlavorMapper.getByDishId - ==> Parameters: 53(Long)
2026-09-18 21:39:13.704 DEBUG [http-nio-8080-exec-1] [traceId=yx-mu708sk4-sc1sdq79] c.s.m.DishFlavorMapper.getByDishId - <==      Total: 0
2026-09-18 21:39:13.704 DEBUG [http-nio-8080-exec-1] [traceId=yx-mu708sk4-sc1sdq79] c.s.m.DishFlavorMapper.getByDishId - ==>  Preparing: select * from dish_flavor where dish_id = ?
2026-09-18 21:39:13.704 DEBUG [http-nio-8080-exec-1] [traceId=yx-mu708sk4-sc1sdq79] c.s.m.DishFlavorMapper.getByDishId - ==> Parameters: 52(Long)
2026-09-18 21:39:13.705 DEBUG [http-nio-8080-exec-1] [traceId=yx-mu708sk4-sc1sdq79] c.s.m.DishFlavorMapper.getByDishId - <==      Total: 0
2026-09-18 21:39:13.705 DEBUG [http-nio-8080-exec-1] [traceId=yx-mu708sk4-sc1sdq79] c.s.m.DishFlavorMapper.getByDishId - ==>  Preparing: select * from dish_flavor where dish_id = ?
2026-09-18 21:39:13.706 DEBUG [http-nio-8080-exec-1] [traceId=yx-mu708sk4-sc1sdq79] c.s.m.DishFlavorMapper.getByDishId - ==> Parameters: 51(Long)
2026-09-18 21:39:13.707 DEBUG [http-nio-8080-exec-1] [traceId=yx-mu708sk4-sc1sdq79] c.s.m.DishFlavorMapper.getByDishId - <==      Total: 0
2026-09-18 21:39:13.708 DEBUG [http-nio-8080-exec-1] [traceId=yx-mu708sk4-sc1sdq79] c.s.m.DishFlavorMapper.getByDishId - ==>  Preparing: select * from dish_flavor where dish_id = ?
2026-09-18 21:39:13.708 DEBUG [http-nio-8080-exec-1] [traceId=yx-mu708sk4-sc1sdq79] c.s.m.DishFlavorMapper.getByDishId - ==> Parameters: 50(Long)
2026-09-18 21:39:13.709 DEBUG [http-nio-8080-exec-1] [traceId=yx-mu708sk4-sc1sdq79] c.s.m.DishFlavorMapper.getByDishId - <==      Total: 0
2026-09-18 21:39:13.709 DEBUG [http-nio-8080-exec-1] [traceId=yx-mu708sk4-sc1sdq79] c.s.m.DishFlavorMapper.getByDishId - ==>  Preparing: select * from dish_flavor where dish_id = ?
2026-09-18 21:39:13.709 DEBUG [http-nio-8080-exec-1] [traceId=yx-mu708sk4-sc1sdq79] c.s.m.DishFlavorMapper.getByDishId - ==> Parameters: 49(Long)
2026-09-18 21:39:13.710 DEBUG [http-nio-8080-exec-1] [traceId=yx-mu708sk4-sc1sdq79] c.s.m.DishFlavorMapper.getByDishId - <==      Total: 1
2026-09-18 21:39:13.710 INFO  [http-nio-8080-exec-1] [traceId=yx-mu708sk4-sc1sdq79] c.sky.controller.user.DishController - 从数据库中查询商品数据
2026-09-18 21:39:13.713 INFO  [http-nio-8080-exec-1] [traceId=yx-mu708sk4-sc1sdq79] com.sky.filter.TraceIdFilter - 请求结束 method=GET, uri=/user/dish/list, status=200, elapsedMs=22
2026-09-18 21:39:16.819 INFO  [http-nio-8080-exec-2] [traceId=yx-mu708uz1-gj11smdt] com.sky.filter.TraceIdFilter - 请求开始 method=POST, uri=/user/shoppingCart/add
2026-09-18 21:39:16.820 INFO  [http-nio-8080-exec-2] [traceId=yx-mu708uz1-gj11smdt] c.s.i.JwtTokenUserInterceptor - jwt校验:eyJhbGciOiJIUzI1NiJ9.eyJleHAiOjE3ODk3NDU5NTEsInVzZXJJZCI6MTF9.5T9fFDkU9mDgfy-PdavW83k9y9TYvNolmWZdEP0_s1A
2026-09-18 21:39:16.821 INFO  [http-nio-8080-exec-2] [traceId=yx-mu708uz1-gj11smdt] c.s.i.JwtTokenUserInterceptor - 当前用户id：11
2026-09-18 21:39:16.822 INFO  [http-nio-8080-exec-2] [traceId=yx-mu708uz1-gj11smdt] c.s.c.user.ShoppingCartController - 用户添加购物车，购物车数据：ShoppingCartDTO(dishId=49, skuId=null, setmealId=null, dishFlavor=1kg)
2026-09-18 21:39:16.838 DEBUG [http-nio-8080-exec-2] [traceId=yx-mu708uz1-gj11smdt] c.sky.mapper.ShoppingCartMapper.list - ==>  Preparing: select * from shopping_cart WHERE user_id = ? and dish_id = ? and dish_flavor = ?
2026-09-18 21:39:16.839 DEBUG [http-nio-8080-exec-2] [traceId=yx-mu708uz1-gj11smdt] c.sky.mapper.ShoppingCartMapper.list - ==> Parameters: 11(Long), 49(Long), 1kg(String)
2026-09-18 21:39:16.840 DEBUG [http-nio-8080-exec-2] [traceId=yx-mu708uz1-gj11smdt] c.sky.mapper.ShoppingCartMapper.list - <==      Total: 0
2026-09-18 21:39:16.841 DEBUG [http-nio-8080-exec-2] [traceId=yx-mu708uz1-gj11smdt] com.sky.mapper.DishMapper.getById - ==>  Preparing: select * from dish where id = ?
2026-09-18 21:39:16.841 DEBUG [http-nio-8080-exec-2] [traceId=yx-mu708uz1-gj11smdt] com.sky.mapper.DishMapper.getById - ==> Parameters: 49(Long)
2026-09-18 21:39:16.842 DEBUG [http-nio-8080-exec-2] [traceId=yx-mu708uz1-gj11smdt] com.sky.mapper.DishMapper.getById - <==      Total: 1
2026-09-18 21:39:16.843 DEBUG [http-nio-8080-exec-2] [traceId=yx-mu708uz1-gj11smdt] c.s.mapper.ShoppingCartMapper.insert - ==>  Preparing: insert into shopping_cart (user_id, dish_id, sku_id, setmeal_id, dish_flavor, name, amount, image, number, create_time) values (?, ?, ?, ?, ?, ?, ?, ?, ?, ?)
2026-09-18 21:39:16.844 DEBUG [http-nio-8080-exec-2] [traceId=yx-mu708uz1-gj11smdt] c.s.mapper.ShoppingCartMapper.insert - ==> Parameters: 11(Long), 49(Long), null, null, 1kg(String), 红富士苹果(String), 2.00(BigDecimal), http://localhost:8080/assets/yuexuan-product.svg(String), 1(Integer), 2026-09-18T21:39:16.843252200(LocalDateTime)
2026-09-18 21:39:16.848 DEBUG [http-nio-8080-exec-2] [traceId=yx-mu708uz1-gj11smdt] c.s.mapper.ShoppingCartMapper.insert - <==    Updates: 1
2026-09-18 21:39:16.850 INFO  [http-nio-8080-exec-2] [traceId=yx-mu708uz1-gj11smdt] com.sky.filter.TraceIdFilter - 请求结束 method=POST, uri=/user/shoppingCart/add, status=200, elapsedMs=31
2026-09-18 21:39:16.859 INFO  [http-nio-8080-exec-6] [traceId=yx-mu708v07-ab7kfgg4] com.sky.filter.TraceIdFilter - 请求开始 method=GET, uri=/user/shoppingCart/list
2026-09-18 21:39:16.859 INFO  [http-nio-8080-exec-6] [traceId=yx-mu708v07-ab7kfgg4] c.s.i.JwtTokenUserInterceptor - jwt校验:eyJhbGciOiJIUzI1NiJ9.eyJleHAiOjE3ODk3NDU5NTEsInVzZXJJZCI6MTF9.5T9fFDkU9mDgfy-PdavW83k9y9TYvNolmWZdEP0_s1A
2026-09-18 21:39:16.859 INFO  [http-nio-8080-exec-6] [traceId=yx-mu708v07-ab7kfgg4] c.s.i.JwtTokenUserInterceptor - 当前用户id：11
2026-09-18 21:39:16.860 INFO  [http-nio-8080-exec-6] [traceId=yx-mu708v07-ab7kfgg4] c.s.c.user.ShoppingCartController - 用户查看购物车
2026-09-18 21:39:16.860 DEBUG [http-nio-8080-exec-6] [traceId=yx-mu708v07-ab7kfgg4] c.sky.mapper.ShoppingCartMapper.list - ==>  Preparing: select * from shopping_cart WHERE user_id = ?
2026-09-18 21:39:16.860 DEBUG [http-nio-8080-exec-6] [traceId=yx-mu708v07-ab7kfgg4] c.sky.mapper.ShoppingCartMapper.list - ==> Parameters: 11(Long)
2026-09-18 21:39:16.861 INFO  [http-nio-8080-exec-5] [traceId=yx-mu708v09-xzo2g3uq] com.sky.filter.TraceIdFilter - 请求开始 method=GET, uri=/user/dish/list
2026-09-18 21:39:16.861 INFO  [http-nio-8080-exec-5] [traceId=yx-mu708v09-xzo2g3uq] c.s.i.JwtTokenUserInterceptor - jwt校验:eyJhbGciOiJIUzI1NiJ9.eyJleHAiOjE3ODk3NDU5NTEsInVzZXJJZCI6MTF9.5T9fFDkU9mDgfy-PdavW83k9y9TYvNolmWZdEP0_s1A
2026-09-18 21:39:16.861 DEBUG [http-nio-8080-exec-6] [traceId=yx-mu708v07-ab7kfgg4] c.sky.mapper.ShoppingCartMapper.list - <==      Total: 1
2026-09-18 21:39:16.861 INFO  [http-nio-8080-exec-5] [traceId=yx-mu708v09-xzo2g3uq] c.s.i.JwtTokenUserInterceptor - 当前用户id：11
2026-09-18 21:39:16.862 INFO  [http-nio-8080-exec-5] [traceId=yx-mu708v09-xzo2g3uq] c.sky.controller.user.DishController - 根据分类 ID 查询商品，分类 ID：12
2026-09-18 21:39:16.862 INFO  [http-nio-8080-exec-6] [traceId=yx-mu708v07-ab7kfgg4] com.sky.filter.TraceIdFilter - 请求结束 method=GET, uri=/user/shoppingCart/list, status=200, elapsedMs=3
2026-09-18 21:39:16.863 INFO  [http-nio-8080-exec-5] [traceId=yx-mu708v09-xzo2g3uq] c.sky.controller.user.DishController - 从缓存中查询商品数据
2026-09-18 21:39:16.866 INFO  [http-nio-8080-exec-5] [traceId=yx-mu708v09-xzo2g3uq] com.sky.filter.TraceIdFilter - 请求结束 method=GET, uri=/user/dish/list, status=200, elapsedMs=5
2026-09-18 21:39:48.435 INFO  [http-nio-8080-exec-3] [traceId=yx-mu709jd3-qcm4f1dh] com.sky.filter.TraceIdFilter - 请求开始 method=GET, uri=/user/dish/list
2026-09-18 21:39:48.435 INFO  [http-nio-8080-exec-3] [traceId=yx-mu709jd3-qcm4f1dh] c.s.i.JwtTokenUserInterceptor - jwt校验:eyJhbGciOiJIUzI1NiJ9.eyJleHAiOjE3ODk3NDU5NTEsInVzZXJJZCI6MTF9.5T9fFDkU9mDgfy-PdavW83k9y9TYvNolmWZdEP0_s1A
2026-09-18 21:39:48.436 INFO  [http-nio-8080-exec-3] [traceId=yx-mu709jd3-qcm4f1dh] c.s.i.JwtTokenUserInterceptor - 当前用户id：11
2026-09-18 21:39:48.436 INFO  [http-nio-8080-exec-3] [traceId=yx-mu709jd3-qcm4f1dh] c.sky.controller.user.DishController - 根据分类 ID 查询商品，分类 ID：17
2026-09-18 21:39:48.437 DEBUG [http-nio-8080-exec-3] [traceId=yx-mu709jd3-qcm4f1dh] com.sky.mapper.DishMapper.list - ==>  Preparing: select * from dish WHERE category_id = ? and status = ? order by create_time desc
2026-09-18 21:39:48.437 DEBUG [http-nio-8080-exec-3] [traceId=yx-mu709jd3-qcm4f1dh] com.sky.mapper.DishMapper.list - ==> Parameters: 17(Long), 1(Integer)
2026-09-18 21:39:48.439 DEBUG [http-nio-8080-exec-3] [traceId=yx-mu709jd3-qcm4f1dh] com.sky.mapper.DishMapper.list - <==      Total: 3
2026-09-18 21:39:48.440 DEBUG [http-nio-8080-exec-3] [traceId=yx-mu709jd3-qcm4f1dh] c.s.m.DishFlavorMapper.getByDishId - ==>  Preparing: select * from dish_flavor where dish_id = ?
2026-09-18 21:39:48.440 DEBUG [http-nio-8080-exec-3] [traceId=yx-mu709jd3-qcm4f1dh] c.s.m.DishFlavorMapper.getByDishId - ==> Parameters: 64(Long)
2026-09-18 21:39:48.440 DEBUG [http-nio-8080-exec-3] [traceId=yx-mu709jd3-qcm4f1dh] c.s.m.DishFlavorMapper.getByDishId - <==      Total: 0
2026-09-18 21:39:48.441 DEBUG [http-nio-8080-exec-3] [traceId=yx-mu709jd3-qcm4f1dh] c.s.m.DishFlavorMapper.getByDishId - ==>  Preparing: select * from dish_flavor where dish_id = ?
2026-09-18 21:39:48.441 DEBUG [http-nio-8080-exec-3] [traceId=yx-mu709jd3-qcm4f1dh] c.s.m.DishFlavorMapper.getByDishId - ==> Parameters: 63(Long)
2026-09-18 21:39:48.441 DEBUG [http-nio-8080-exec-3] [traceId=yx-mu709jd3-qcm4f1dh] c.s.m.DishFlavorMapper.getByDishId - <==      Total: 0
2026-09-18 21:39:48.442 DEBUG [http-nio-8080-exec-3] [traceId=yx-mu709jd3-qcm4f1dh] c.s.m.DishFlavorMapper.getByDishId - ==>  Preparing: select * from dish_flavor where dish_id = ?
2026-09-18 21:39:48.442 DEBUG [http-nio-8080-exec-3] [traceId=yx-mu709jd3-qcm4f1dh] c.s.m.DishFlavorMapper.getByDishId - ==> Parameters: 62(Long)
2026-09-18 21:39:48.443 DEBUG [http-nio-8080-exec-3] [traceId=yx-mu709jd3-qcm4f1dh] c.s.m.DishFlavorMapper.getByDishId - <==      Total: 0
2026-09-18 21:39:48.443 INFO  [http-nio-8080-exec-3] [traceId=yx-mu709jd3-qcm4f1dh] c.sky.controller.user.DishController - 从数据库中查询商品数据
2026-09-18 21:39:48.445 INFO  [http-nio-8080-exec-3] [traceId=yx-mu709jd3-qcm4f1dh] com.sky.filter.TraceIdFilter - 请求结束 method=GET, uri=/user/dish/list, status=200, elapsedMs=10
2026-09-18 21:39:49.778 INFO  [http-nio-8080-exec-4] [traceId=yx-mu709keh-g99bxrq6] com.sky.filter.TraceIdFilter - 请求开始 method=POST, uri=/user/shoppingCart/add
2026-09-18 21:39:49.779 INFO  [http-nio-8080-exec-4] [traceId=yx-mu709keh-g99bxrq6] c.s.i.JwtTokenUserInterceptor - jwt校验:eyJhbGciOiJIUzI1NiJ9.eyJleHAiOjE3ODk3NDU5NTEsInVzZXJJZCI6MTF9.5T9fFDkU9mDgfy-PdavW83k9y9TYvNolmWZdEP0_s1A
2026-09-18 21:39:49.780 INFO  [http-nio-8080-exec-4] [traceId=yx-mu709keh-g99bxrq6] c.s.i.JwtTokenUserInterceptor - 当前用户id：11
2026-09-18 21:39:49.781 INFO  [http-nio-8080-exec-4] [traceId=yx-mu709keh-g99bxrq6] c.s.c.user.ShoppingCartController - 用户添加购物车，购物车数据：ShoppingCartDTO(dishId=64, skuId=null, setmealId=null, dishFlavor=1kg)
2026-09-18 21:39:49.782 DEBUG [http-nio-8080-exec-4] [traceId=yx-mu709keh-g99bxrq6] c.sky.mapper.ShoppingCartMapper.list - ==>  Preparing: select * from shopping_cart WHERE user_id = ? and dish_id = ? and dish_flavor = ?
2026-09-18 21:39:49.783 DEBUG [http-nio-8080-exec-4] [traceId=yx-mu709keh-g99bxrq6] c.sky.mapper.ShoppingCartMapper.list - ==> Parameters: 11(Long), 64(Long), 1kg(String)
2026-09-18 21:39:49.785 DEBUG [http-nio-8080-exec-4] [traceId=yx-mu709keh-g99bxrq6] c.sky.mapper.ShoppingCartMapper.list - <==      Total: 0
2026-09-18 21:39:49.785 DEBUG [http-nio-8080-exec-4] [traceId=yx-mu709keh-g99bxrq6] com.sky.mapper.DishMapper.getById - ==>  Preparing: select * from dish where id = ?
2026-09-18 21:39:49.786 DEBUG [http-nio-8080-exec-4] [traceId=yx-mu709keh-g99bxrq6] com.sky.mapper.DishMapper.getById - ==> Parameters: 64(Long)
2026-09-18 21:39:49.787 DEBUG [http-nio-8080-exec-4] [traceId=yx-mu709keh-g99bxrq6] com.sky.mapper.DishMapper.getById - <==      Total: 1
2026-09-18 21:39:49.788 DEBUG [http-nio-8080-exec-4] [traceId=yx-mu709keh-g99bxrq6] c.s.mapper.ShoppingCartMapper.insert - ==>  Preparing: insert into shopping_cart (user_id, dish_id, sku_id, setmeal_id, dish_flavor, name, amount, image, number, create_time) values (?, ?, ?, ?, ?, ?, ?, ?, ?, ?)
2026-09-18 21:39:49.788 DEBUG [http-nio-8080-exec-4] [traceId=yx-mu709keh-g99bxrq6] c.s.mapper.ShoppingCartMapper.insert - ==> Parameters: 11(Long), 64(Long), null, null, 1kg(String), 浴室清洁喷雾(String), 88.00(BigDecimal), http://localhost:8080/assets/yuexuan-product.svg(String), 1(Integer), 2026-09-18T21:39:49.787665700(LocalDateTime)
2026-09-18 21:39:49.795 DEBUG [http-nio-8080-exec-4] [traceId=yx-mu709keh-g99bxrq6] c.s.mapper.ShoppingCartMapper.insert - <==    Updates: 1
2026-09-18 21:39:49.796 INFO  [http-nio-8080-exec-4] [traceId=yx-mu709keh-g99bxrq6] com.sky.filter.TraceIdFilter - 请求结束 method=POST, uri=/user/shoppingCart/add, status=200, elapsedMs=18
2026-09-18 21:39:49.823 INFO  [http-nio-8080-exec-7] [traceId=yx-mu709kfu-vvc09f4m] com.sky.filter.TraceIdFilter - 请求开始 method=GET, uri=/user/shoppingCart/list
2026-09-18 21:39:49.823 INFO  [http-nio-8080-exec-7] [traceId=yx-mu709kfu-vvc09f4m] c.s.i.JwtTokenUserInterceptor - jwt校验:eyJhbGciOiJIUzI1NiJ9.eyJleHAiOjE3ODk3NDU5NTEsInVzZXJJZCI6MTF9.5T9fFDkU9mDgfy-PdavW83k9y9TYvNolmWZdEP0_s1A
2026-09-18 21:39:49.824 INFO  [http-nio-8080-exec-7] [traceId=yx-mu709kfu-vvc09f4m] c.s.i.JwtTokenUserInterceptor - 当前用户id：11
2026-09-18 21:39:49.824 INFO  [http-nio-8080-exec-7] [traceId=yx-mu709kfu-vvc09f4m] c.s.c.user.ShoppingCartController - 用户查看购物车
2026-09-18 21:39:49.824 INFO  [http-nio-8080-exec-8] [traceId=yx-mu709kfw-wzmxjlqc] com.sky.filter.TraceIdFilter - 请求开始 method=GET, uri=/user/dish/list
2026-09-18 21:39:49.824 INFO  [http-nio-8080-exec-8] [traceId=yx-mu709kfw-wzmxjlqc] c.s.i.JwtTokenUserInterceptor - jwt校验:eyJhbGciOiJIUzI1NiJ9.eyJleHAiOjE3ODk3NDU5NTEsInVzZXJJZCI6MTF9.5T9fFDkU9mDgfy-PdavW83k9y9TYvNolmWZdEP0_s1A
2026-09-18 21:39:49.825 DEBUG [http-nio-8080-exec-7] [traceId=yx-mu709kfu-vvc09f4m] c.sky.mapper.ShoppingCartMapper.list - ==>  Preparing: select * from shopping_cart WHERE user_id = ?
2026-09-18 21:39:49.825 DEBUG [http-nio-8080-exec-7] [traceId=yx-mu709kfu-vvc09f4m] c.sky.mapper.ShoppingCartMapper.list - ==> Parameters: 11(Long)
2026-09-18 21:39:49.825 INFO  [http-nio-8080-exec-8] [traceId=yx-mu709kfw-wzmxjlqc] c.s.i.JwtTokenUserInterceptor - 当前用户id：11
2026-09-18 21:39:49.825 INFO  [http-nio-8080-exec-8] [traceId=yx-mu709kfw-wzmxjlqc] c.sky.controller.user.DishController - 根据分类 ID 查询商品，分类 ID：17
2026-09-18 21:39:49.826 DEBUG [http-nio-8080-exec-7] [traceId=yx-mu709kfu-vvc09f4m] c.sky.mapper.ShoppingCartMapper.list - <==      Total: 2
2026-09-18 21:39:49.827 INFO  [http-nio-8080-exec-8] [traceId=yx-mu709kfw-wzmxjlqc] c.sky.controller.user.DishController - 从缓存中查询商品数据
2026-09-18 21:39:49.827 INFO  [http-nio-8080-exec-7] [traceId=yx-mu709kfu-vvc09f4m] com.sky.filter.TraceIdFilter - 请求结束 method=GET, uri=/user/shoppingCart/list, status=200, elapsedMs=4
2026-09-18 21:39:49.827 INFO  [http-nio-8080-exec-8] [traceId=yx-mu709kfw-wzmxjlqc] com.sky.filter.TraceIdFilter - 请求结束 method=GET, uri=/user/dish/list, status=200, elapsedMs=3
2026-09-18 21:39:50.965 INFO  [http-nio-8080-exec-9] [traceId=yx-mu709lbf-dmze6syb] com.sky.filter.TraceIdFilter - 请求开始 method=GET, uri=/user/dish/list
2026-09-18 21:39:50.965 INFO  [http-nio-8080-exec-9] [traceId=yx-mu709lbf-dmze6syb] c.s.i.JwtTokenUserInterceptor - jwt校验:eyJhbGciOiJIUzI1NiJ9.eyJleHAiOjE3ODk3NDU5NTEsInVzZXJJZCI6MTF9.5T9fFDkU9mDgfy-PdavW83k9y9TYvNolmWZdEP0_s1A
2026-09-18 21:39:50.966 INFO  [http-nio-8080-exec-9] [traceId=yx-mu709lbf-dmze6syb] c.s.i.JwtTokenUserInterceptor - 当前用户id：11
2026-09-18 21:39:50.967 INFO  [http-nio-8080-exec-9] [traceId=yx-mu709lbf-dmze6syb] c.sky.controller.user.DishController - 根据分类 ID 查询商品，分类 ID：18
2026-09-18 21:39:50.969 DEBUG [http-nio-8080-exec-9] [traceId=yx-mu709lbf-dmze6syb] com.sky.mapper.DishMapper.list - ==>  Preparing: select * from dish WHERE category_id = ? and status = ? order by create_time desc
2026-09-18 21:39:50.970 DEBUG [http-nio-8080-exec-9] [traceId=yx-mu709lbf-dmze6syb] com.sky.mapper.DishMapper.list - ==> Parameters: 18(Long), 1(Integer)
2026-09-18 21:39:50.976 DEBUG [http-nio-8080-exec-9] [traceId=yx-mu709lbf-dmze6syb] com.sky.mapper.DishMapper.list - <==      Total: 4
2026-09-18 21:39:50.977 DEBUG [http-nio-8080-exec-9] [traceId=yx-mu709lbf-dmze6syb] c.s.m.DishFlavorMapper.getByDishId - ==>  Preparing: select * from dish_flavor where dish_id = ?
2026-09-18 21:39:50.978 DEBUG [http-nio-8080-exec-9] [traceId=yx-mu709lbf-dmze6syb] c.s.m.DishFlavorMapper.getByDishId - ==> Parameters: 61(Long)
2026-09-18 21:39:50.978 DEBUG [http-nio-8080-exec-9] [traceId=yx-mu709lbf-dmze6syb] c.s.m.DishFlavorMapper.getByDishId - <==      Total: 0
2026-09-18 21:39:50.979 DEBUG [http-nio-8080-exec-9] [traceId=yx-mu709lbf-dmze6syb] c.s.m.DishFlavorMapper.getByDishId - ==>  Preparing: select * from dish_flavor where dish_id = ?
2026-09-18 21:39:50.979 DEBUG [http-nio-8080-exec-9] [traceId=yx-mu709lbf-dmze6syb] c.s.m.DishFlavorMapper.getByDishId - ==> Parameters: 60(Long)
2026-09-18 21:39:50.980 DEBUG [http-nio-8080-exec-9] [traceId=yx-mu709lbf-dmze6syb] c.s.m.DishFlavorMapper.getByDishId - <==      Total: 0
2026-09-18 21:39:50.981 DEBUG [http-nio-8080-exec-9] [traceId=yx-mu709lbf-dmze6syb] c.s.m.DishFlavorMapper.getByDishId - ==>  Preparing: select * from dish_flavor where dish_id = ?
2026-09-18 21:39:50.981 DEBUG [http-nio-8080-exec-9] [traceId=yx-mu709lbf-dmze6syb] c.s.m.DishFlavorMapper.getByDishId - ==> Parameters: 59(Long)
2026-09-18 21:39:50.982 DEBUG [http-nio-8080-exec-9] [traceId=yx-mu709lbf-dmze6syb] c.s.m.DishFlavorMapper.getByDishId - <==      Total: 1
2026-09-18 21:39:50.982 DEBUG [http-nio-8080-exec-9] [traceId=yx-mu709lbf-dmze6syb] c.s.m.DishFlavorMapper.getByDishId - ==>  Preparing: select * from dish_flavor where dish_id = ?
2026-09-18 21:39:50.983 DEBUG [http-nio-8080-exec-9] [traceId=yx-mu709lbf-dmze6syb] c.s.m.DishFlavorMapper.getByDishId - ==> Parameters: 58(Long)
2026-09-18 21:39:50.983 DEBUG [http-nio-8080-exec-9] [traceId=yx-mu709lbf-dmze6syb] c.s.m.DishFlavorMapper.getByDishId - <==      Total: 1
2026-09-18 21:39:50.984 INFO  [http-nio-8080-exec-9] [traceId=yx-mu709lbf-dmze6syb] c.sky.controller.user.DishController - 从数据库中查询商品数据
2026-09-18 21:39:50.986 INFO  [http-nio-8080-exec-9] [traceId=yx-mu709lbf-dmze6syb] com.sky.filter.TraceIdFilter - 请求结束 method=GET, uri=/user/dish/list, status=200, elapsedMs=21
2026-09-18 21:39:59.553 INFO  [http-nio-8080-exec-10] [traceId=yx-mu709ry1-3zudlje3] com.sky.filter.TraceIdFilter - 请求开始 method=POST, uri=/user/shoppingCart/add
2026-09-18 21:39:59.554 INFO  [http-nio-8080-exec-10] [traceId=yx-mu709ry1-3zudlje3] c.s.i.JwtTokenUserInterceptor - jwt校验:eyJhbGciOiJIUzI1NiJ9.eyJleHAiOjE3ODk3NDU5NTEsInVzZXJJZCI6MTF9.5T9fFDkU9mDgfy-PdavW83k9y9TYvNolmWZdEP0_s1A
2026-09-18 21:39:59.555 INFO  [http-nio-8080-exec-10] [traceId=yx-mu709ry1-3zudlje3] c.s.i.JwtTokenUserInterceptor - 当前用户id：11
2026-09-18 21:39:59.556 INFO  [http-nio-8080-exec-10] [traceId=yx-mu709ry1-3zudlje3] c.s.c.user.ShoppingCartController - 用户添加购物车，购物车数据：ShoppingCartDTO(dishId=58, skuId=null, setmealId=null, dishFlavor=85g×6)
2026-09-18 21:39:59.558 DEBUG [http-nio-8080-exec-10] [traceId=yx-mu709ry1-3zudlje3] c.sky.mapper.ShoppingCartMapper.list - ==>  Preparing: select * from shopping_cart WHERE user_id = ? and dish_id = ? and dish_flavor = ?
2026-09-18 21:39:59.559 DEBUG [http-nio-8080-exec-10] [traceId=yx-mu709ry1-3zudlje3] c.sky.mapper.ShoppingCartMapper.list - ==> Parameters: 11(Long), 58(Long), 85g×6(String)
2026-09-18 21:39:59.560 DEBUG [http-nio-8080-exec-10] [traceId=yx-mu709ry1-3zudlje3] c.sky.mapper.ShoppingCartMapper.list - <==      Total: 0
2026-09-18 21:39:59.561 DEBUG [http-nio-8080-exec-10] [traceId=yx-mu709ry1-3zudlje3] com.sky.mapper.DishMapper.getById - ==>  Preparing: select * from dish where id = ?
2026-09-18 21:39:59.561 DEBUG [http-nio-8080-exec-10] [traceId=yx-mu709ry1-3zudlje3] com.sky.mapper.DishMapper.getById - ==> Parameters: 58(Long)
2026-09-18 21:39:59.562 DEBUG [http-nio-8080-exec-10] [traceId=yx-mu709ry1-3zudlje3] com.sky.mapper.DishMapper.getById - <==      Total: 1
2026-09-18 21:39:59.562 DEBUG [http-nio-8080-exec-10] [traceId=yx-mu709ry1-3zudlje3] c.s.mapper.ShoppingCartMapper.insert - ==>  Preparing: insert into shopping_cart (user_id, dish_id, sku_id, setmeal_id, dish_flavor, name, amount, image, number, create_time) values (?, ?, ?, ?, ?, ?, ?, ?, ?, ?)
2026-09-18 21:39:59.562 DEBUG [http-nio-8080-exec-10] [traceId=yx-mu709ry1-3zudlje3] c.s.mapper.ShoppingCartMapper.insert - ==> Parameters: 11(Long), 58(Long), null, null, 85g×6(String), 猫咪主食罐头(String), 98.00(BigDecimal), http://localhost:8080/assets/yuexuan-product.svg(String), 1(Integer), 2026-09-18T21:39:59.562915300(LocalDateTime)
2026-09-18 21:39:59.566 DEBUG [http-nio-8080-exec-10] [traceId=yx-mu709ry1-3zudlje3] c.s.mapper.ShoppingCartMapper.insert - <==    Updates: 1
2026-09-18 21:39:59.567 INFO  [http-nio-8080-exec-10] [traceId=yx-mu709ry1-3zudlje3] com.sky.filter.TraceIdFilter - 请求结束 method=POST, uri=/user/shoppingCart/add, status=200, elapsedMs=14
2026-09-18 21:39:59.581 INFO  [http-nio-8080-exec-1] [traceId=yx-mu709ryx-k78f24ly] com.sky.filter.TraceIdFilter - 请求开始 method=GET, uri=/user/shoppingCart/list
2026-09-18 21:39:59.582 INFO  [http-nio-8080-exec-1] [traceId=yx-mu709ryx-k78f24ly] c.s.i.JwtTokenUserInterceptor - jwt校验:eyJhbGciOiJIUzI1NiJ9.eyJleHAiOjE3ODk3NDU5NTEsInVzZXJJZCI6MTF9.5T9fFDkU9mDgfy-PdavW83k9y9TYvNolmWZdEP0_s1A
2026-09-18 21:39:59.582 INFO  [http-nio-8080-exec-1] [traceId=yx-mu709ryx-k78f24ly] c.s.i.JwtTokenUserInterceptor - 当前用户id：11
2026-09-18 21:39:59.582 INFO  [http-nio-8080-exec-1] [traceId=yx-mu709ryx-k78f24ly] c.s.c.user.ShoppingCartController - 用户查看购物车
2026-09-18 21:39:59.583 DEBUG [http-nio-8080-exec-1] [traceId=yx-mu709ryx-k78f24ly] c.sky.mapper.ShoppingCartMapper.list - ==>  Preparing: select * from shopping_cart WHERE user_id = ?
2026-09-18 21:39:59.583 DEBUG [http-nio-8080-exec-1] [traceId=yx-mu709ryx-k78f24ly] c.sky.mapper.ShoppingCartMapper.list - ==> Parameters: 11(Long)
2026-09-18 21:39:59.584 INFO  [http-nio-8080-exec-2] [traceId=yx-mu709ryz-5ixns16w] com.sky.filter.TraceIdFilter - 请求开始 method=GET, uri=/user/dish/list
2026-09-18 21:39:59.584 INFO  [http-nio-8080-exec-2] [traceId=yx-mu709ryz-5ixns16w] c.s.i.JwtTokenUserInterceptor - jwt校验:eyJhbGciOiJIUzI1NiJ9.eyJleHAiOjE3ODk3NDU5NTEsInVzZXJJZCI6MTF9.5T9fFDkU9mDgfy-PdavW83k9y9TYvNolmWZdEP0_s1A
2026-09-18 21:39:59.584 DEBUG [http-nio-8080-exec-1] [traceId=yx-mu709ryx-k78f24ly] c.sky.mapper.ShoppingCartMapper.list - <==      Total: 3
2026-09-18 21:39:59.585 INFO  [http-nio-8080-exec-2] [traceId=yx-mu709ryz-5ixns16w] c.s.i.JwtTokenUserInterceptor - 当前用户id：11
2026-09-18 21:39:59.585 INFO  [http-nio-8080-exec-2] [traceId=yx-mu709ryz-5ixns16w] c.sky.controller.user.DishController - 根据分类 ID 查询商品，分类 ID：18
2026-09-18 21:39:59.586 INFO  [http-nio-8080-exec-1] [traceId=yx-mu709ryx-k78f24ly] com.sky.filter.TraceIdFilter - 请求结束 method=GET, uri=/user/shoppingCart/list, status=200, elapsedMs=5
2026-09-18 21:39:59.587 INFO  [http-nio-8080-exec-2] [traceId=yx-mu709ryz-5ixns16w] c.sky.controller.user.DishController - 从缓存中查询商品数据
2026-09-18 21:39:59.587 INFO  [http-nio-8080-exec-2] [traceId=yx-mu709ryz-5ixns16w] com.sky.filter.TraceIdFilter - 请求结束 method=GET, uri=/user/dish/list, status=200, elapsedMs=3
2026-09-18 21:40:00.002 INFO  [scheduling-1] [traceId=] com.sky.task.OrderTask - user订单取消任务开始执行
2026-09-18 21:40:00.002 DEBUG [scheduling-1] [traceId=] c.s.m.O.cancelOrderByStatusAndTime - ==>  Preparing: select * from orders where status = ? and order_time < ?
2026-09-18 21:40:00.003 DEBUG [scheduling-1] [traceId=] c.s.m.O.cancelOrderByStatusAndTime - ==> Parameters: 1(Integer), 2026-09-18T21:25:00.002284700(LocalDateTime)
2026-09-18 21:40:00.007 DEBUG [scheduling-1] [traceId=] c.s.m.O.cancelOrderByStatusAndTime - <==      Total: 0
2026-09-18 21:40:01.344 INFO  [http-nio-8080-exec-6] [traceId=yx-mu709tbw-fh6ennsr] com.sky.filter.TraceIdFilter - 请求开始 method=GET, uri=/user/addressBook/list
2026-09-18 21:40:01.344 INFO  [http-nio-8080-exec-6] [traceId=yx-mu709tbw-fh6ennsr] c.s.i.JwtTokenUserInterceptor - jwt校验:eyJhbGciOiJIUzI1NiJ9.eyJleHAiOjE3ODk3NDU5NTEsInVzZXJJZCI6MTF9.5T9fFDkU9mDgfy-PdavW83k9y9TYvNolmWZdEP0_s1A
2026-09-18 21:40:01.345 INFO  [http-nio-8080-exec-6] [traceId=yx-mu709tbw-fh6ennsr] c.s.i.JwtTokenUserInterceptor - 当前用户id：11
2026-09-18 21:40:01.348 DEBUG [http-nio-8080-exec-6] [traceId=yx-mu709tbw-fh6ennsr] c.sky.mapper.AddressBookMapper.list - ==>  Preparing: select * from address_book WHERE user_id = ?
2026-09-18 21:40:01.348 DEBUG [http-nio-8080-exec-6] [traceId=yx-mu709tbw-fh6ennsr] c.sky.mapper.AddressBookMapper.list - ==> Parameters: 11(Long)
2026-09-18 21:40:01.349 DEBUG [http-nio-8080-exec-6] [traceId=yx-mu709tbw-fh6ennsr] c.sky.mapper.AddressBookMapper.list - <==      Total: 0
2026-09-18 21:40:01.350 INFO  [http-nio-8080-exec-6] [traceId=yx-mu709tbw-fh6ennsr] com.sky.filter.TraceIdFilter - 请求结束 method=GET, uri=/user/addressBook/list, status=200, elapsedMs=6
2026-09-18 21:40:01.358 INFO  [http-nio-8080-exec-5] [traceId=yx-mu709tc8-j7cvlv5n] com.sky.filter.TraceIdFilter - 请求开始 method=GET, uri=/user/addressBook/default
2026-09-18 21:40:01.358 INFO  [http-nio-8080-exec-5] [traceId=yx-mu709tc8-j7cvlv5n] c.s.i.JwtTokenUserInterceptor - jwt校验:eyJhbGciOiJIUzI1NiJ9.eyJleHAiOjE3ODk3NDU5NTEsInVzZXJJZCI6MTF9.5T9fFDkU9mDgfy-PdavW83k9y9TYvNolmWZdEP0_s1A
2026-09-18 21:40:01.359 INFO  [http-nio-8080-exec-5] [traceId=yx-mu709tc8-j7cvlv5n] c.s.i.JwtTokenUserInterceptor - 当前用户id：11
2026-09-18 21:40:01.359 DEBUG [http-nio-8080-exec-5] [traceId=yx-mu709tc8-j7cvlv5n] c.sky.mapper.AddressBookMapper.list - ==>  Preparing: select * from address_book WHERE user_id = ? and is_default = ?
2026-09-18 21:40:01.359 DEBUG [http-nio-8080-exec-5] [traceId=yx-mu709tc8-j7cvlv5n] c.sky.mapper.AddressBookMapper.list - ==> Parameters: 11(Long), 1(Integer)
2026-09-18 21:40:01.360 DEBUG [http-nio-8080-exec-5] [traceId=yx-mu709tc8-j7cvlv5n] c.sky.mapper.AddressBookMapper.list - <==      Total: 0
2026-09-18 21:40:01.361 INFO  [http-nio-8080-exec-5] [traceId=yx-mu709tc8-j7cvlv5n] com.sky.filter.TraceIdFilter - 请求结束 method=GET, uri=/user/addressBook/default, status=200, elapsedMs=3
2026-09-18 21:40:34.088 INFO  [http-nio-8080-exec-4] [traceId=yx-mu70ail7-0a1cmav7] com.sky.filter.TraceIdFilter - 请求开始 method=POST, uri=/user/addressBook
2026-09-18 21:40:34.089 INFO  [http-nio-8080-exec-4] [traceId=yx-mu70ail7-0a1cmav7] c.s.i.JwtTokenUserInterceptor - jwt校验:eyJhbGciOiJIUzI1NiJ9.eyJleHAiOjE3ODk3NDU5NTEsInVzZXJJZCI6MTF9.5T9fFDkU9mDgfy-PdavW83k9y9TYvNolmWZdEP0_s1A
2026-09-18 21:40:34.090 INFO  [http-nio-8080-exec-4] [traceId=yx-mu70ail7-0a1cmav7] c.s.i.JwtTokenUserInterceptor - 当前用户id：11
2026-09-18 21:40:34.097 DEBUG [http-nio-8080-exec-4] [traceId=yx-mu70ail7-0a1cmav7] c.s.mapper.AddressBookMapper.insert - ==>  Preparing: insert into address_book (user_id, consignee, phone, sex, province_code, province_name, city_code, city_name, district_code, district_name, detail, label, is_default) values (?, ?, ?, ?, ?, ?, ?, ?, ?, ?, ?, ?, ?)
2026-09-18 21:40:34.099 DEBUG [http-nio-8080-exec-4] [traceId=yx-mu70ail7-0a1cmav7] c.s.mapper.AddressBookMapper.insert - ==> Parameters: 11(Long), 田(String), 19997177897(String), 0(String), 51(String), 四川省(String), 5101(String), 成都市(String), 510117(String), 郫都区(String), 西南交通大学(String), 3(String), 0(Integer)
2026-09-18 21:40:34.104 DEBUG [http-nio-8080-exec-4] [traceId=yx-mu70ail7-0a1cmav7] c.s.mapper.AddressBookMapper.insert - <==    Updates: 1
2026-09-18 21:40:34.106 INFO  [http-nio-8080-exec-4] [traceId=yx-mu70ail7-0a1cmav7] com.sky.filter.TraceIdFilter - 请求结束 method=POST, uri=/user/addressBook, status=200, elapsedMs=18
2026-09-18 21:40:34.472 INFO  [http-nio-8080-exec-7] [traceId=yx-mu70aivv-fifrtp2i] com.sky.filter.TraceIdFilter - 请求开始 method=GET, uri=/user/addressBook/list
2026-09-18 21:40:34.473 INFO  [http-nio-8080-exec-7] [traceId=yx-mu70aivv-fifrtp2i] c.s.i.JwtTokenUserInterceptor - jwt校验:eyJhbGciOiJIUzI1NiJ9.eyJleHAiOjE3ODk3NDU5NTEsInVzZXJJZCI6MTF9.5T9fFDkU9mDgfy-PdavW83k9y9TYvNolmWZdEP0_s1A
2026-09-18 21:40:34.473 INFO  [http-nio-8080-exec-7] [traceId=yx-mu70aivv-fifrtp2i] c.s.i.JwtTokenUserInterceptor - 当前用户id：11
2026-09-18 21:40:34.474 DEBUG [http-nio-8080-exec-7] [traceId=yx-mu70aivv-fifrtp2i] c.sky.mapper.AddressBookMapper.list - ==>  Preparing: select * from address_book WHERE user_id = ?
2026-09-18 21:40:34.474 DEBUG [http-nio-8080-exec-7] [traceId=yx-mu70aivv-fifrtp2i] c.sky.mapper.AddressBookMapper.list - ==> Parameters: 11(Long)
2026-09-18 21:40:34.475 DEBUG [http-nio-8080-exec-7] [traceId=yx-mu70aivv-fifrtp2i] c.sky.mapper.AddressBookMapper.list - <==      Total: 1
2026-09-18 21:40:34.476 INFO  [http-nio-8080-exec-7] [traceId=yx-mu70aivv-fifrtp2i] com.sky.filter.TraceIdFilter - 请求结束 method=GET, uri=/user/addressBook/list, status=200, elapsedMs=4
2026-09-18 21:40:36.526 INFO  [http-nio-8080-exec-8] [traceId=yx-mu70akgv-u481rjhh] com.sky.filter.TraceIdFilter - 请求开始 method=GET, uri=/user/addressBook/list
2026-09-18 21:40:36.527 INFO  [http-nio-8080-exec-8] [traceId=yx-mu70akgv-u481rjhh] c.s.i.JwtTokenUserInterceptor - jwt校验:eyJhbGciOiJIUzI1NiJ9.eyJleHAiOjE3ODk3NDU5NTEsInVzZXJJZCI6MTF9.5T9fFDkU9mDgfy-PdavW83k9y9TYvNolmWZdEP0_s1A
2026-09-18 21:40:36.527 INFO  [http-nio-8080-exec-8] [traceId=yx-mu70akgv-u481rjhh] c.s.i.JwtTokenUserInterceptor - 当前用户id：11
2026-09-18 21:40:36.528 DEBUG [http-nio-8080-exec-8] [traceId=yx-mu70akgv-u481rjhh] c.sky.mapper.AddressBookMapper.list - ==>  Preparing: select * from address_book WHERE user_id = ?
2026-09-18 21:40:36.528 DEBUG [http-nio-8080-exec-8] [traceId=yx-mu70akgv-u481rjhh] c.sky.mapper.AddressBookMapper.list - ==> Parameters: 11(Long)
2026-09-18 21:40:36.530 DEBUG [http-nio-8080-exec-8] [traceId=yx-mu70akgv-u481rjhh] c.sky.mapper.AddressBookMapper.list - <==      Total: 1
2026-09-18 21:40:36.532 INFO  [http-nio-8080-exec-8] [traceId=yx-mu70akgv-u481rjhh] com.sky.filter.TraceIdFilter - 请求结束 method=GET, uri=/user/addressBook/list, status=200, elapsedMs=6
2026-09-18 21:40:37.719 INFO  [http-nio-8080-exec-9] [traceId=yx-mu70ale9-fa42uq3q] com.sky.filter.TraceIdFilter - 请求开始 method=POST, uri=/user/order/submit
2026-09-18 21:40:37.720 INFO  [http-nio-8080-exec-9] [traceId=yx-mu70ale9-fa42uq3q] c.s.i.JwtTokenUserInterceptor - jwt校验:eyJhbGciOiJIUzI1NiJ9.eyJleHAiOjE3ODk3NDU5NTEsInVzZXJJZCI6MTF9.5T9fFDkU9mDgfy-PdavW83k9y9TYvNolmWZdEP0_s1A
2026-09-18 21:40:37.720 INFO  [http-nio-8080-exec-9] [traceId=yx-mu70ale9-fa42uq3q] c.s.i.JwtTokenUserInterceptor - 当前用户id：11
2026-09-18 21:40:37.777 INFO  [http-nio-8080-exec-9] [traceId=yx-mu70ale9-fa42uq3q] com.sky.filter.TraceIdFilter - 请求结束 method=POST, uri=/user/order/submit, status=200, elapsedMs=58
2026-09-18 21:40:37.780 ERROR [http-nio-8080-exec-9] [traceId=] o.a.c.c.C.[.[.[.[dispatcherServlet] - Servlet.service() for servlet [dispatcherServlet] in context with path [] threw exception [Request processing failed; nested exception is org.springframework.data.redis.RedisSystemException: Error in execution; nested exception is io.lettuce.core.RedisCommandExecutionException: ERR Error running script (call to f_2edfb0b8dd45388de70b3e4c88d1f248a9a896cc): @user_script:1: ERR value is not an integer or out of range ] with root cause
io.lettuce.core.RedisCommandExecutionException: ERR Error running script (call to f_2edfb0b8dd45388de70b3e4c88d1f248a9a896cc): @user_script:1: ERR value is not an integer or out of range 
	at io.lettuce.core.internal.ExceptionFactory.createExecutionException(ExceptionFactory.java:147)
	at io.lettuce.core.internal.ExceptionFactory.createExecutionException(ExceptionFactory.java:116)
	at io.lettuce.core.protocol.AsyncCommand.completeResult(AsyncCommand.java:120)
	at io.lettuce.core.protocol.AsyncCommand.complete(AsyncCommand.java:111)
	at io.lettuce.core.protocol.CommandHandler.complete(CommandHandler.java:747)
	at io.lettuce.core.protocol.CommandHandler.decode(CommandHandler.java:682)
	at io.lettuce.core.protocol.CommandHandler.channelRead(CommandHandler.java:599)
	at io.netty.channel.AbstractChannelHandlerContext.invokeChannelRead(AbstractChannelHandlerContext.java:379)
	at io.netty.channel.AbstractChannelHandlerContext.invokeChannelRead(AbstractChannelHandlerContext.java:365)
	at io.netty.channel.AbstractChannelHandlerContext.fireChannelRead(AbstractChannelHandlerContext.java:357)
	at io.netty.channel.DefaultChannelPipeline$HeadContext.channelRead(DefaultChannelPipeline.java:1410)
	at io.netty.channel.AbstractChannelHandlerContext.invokeChannelRead(AbstractChannelHandlerContext.java:379)
	at io.netty.channel.AbstractChannelHandlerContext.invokeChannelRead(AbstractChannelHandlerContext.java:365)
	at io.netty.channel.DefaultChannelPipeline.fireChannelRead(DefaultChannelPipeline.java:919)
	at io.netty.channel.nio.AbstractNioByteChannel$NioByteUnsafe.read(AbstractNioByteChannel.java:166)
	at io.netty.channel.nio.NioEventLoop.processSelectedKey(NioEventLoop.java:722)
	at io.netty.channel.nio.NioEventLoop.processSelectedKeysOptimized(NioEventLoop.java:658)
	at io.netty.channel.nio.NioEventLoop.processSelectedKeys(NioEventLoop.java:584)
	at io.netty.channel.nio.NioEventLoop.run(NioEventLoop.java:496)
	at io.netty.util.concurrent.SingleThreadEventExecutor$4.run(SingleThreadEventExecutor.java:997)
	at io.netty.util.internal.ThreadExecutorMap$2.run(ThreadExecutorMap.java:74)
	at io.netty.util.concurrent.FastThreadLocalRunnable.run(FastThreadLocalRunnable.java:30)
	at java.base/java.lang.Thread.run(Thread.java:840)
2026-09-18 21:40:40.643 INFO  [http-nio-8080-exec-10] [traceId=yx-mu70anng-0jx36j3i] com.sky.filter.TraceIdFilter - 请求开始 method=POST, uri=/user/order/submit
2026-09-18 21:40:40.643 INFO  [http-nio-8080-exec-10] [traceId=yx-mu70anng-0jx36j3i] c.s.i.JwtTokenUserInterceptor - jwt校验:eyJhbGciOiJIUzI1NiJ9.eyJleHAiOjE3ODk3NDU5NTEsInVzZXJJZCI6MTF9.5T9fFDkU9mDgfy-PdavW83k9y9TYvNolmWZdEP0_s1A
2026-09-18 21:40:40.644 INFO  [http-nio-8080-exec-10] [traceId=yx-mu70anng-0jx36j3i] c.s.i.JwtTokenUserInterceptor - 当前用户id：11
2026-09-18 21:40:40.648 INFO  [http-nio-8080-exec-10] [traceId=yx-mu70anng-0jx36j3i] com.sky.filter.TraceIdFilter - 请求结束 method=POST, uri=/user/order/submit, status=200, elapsedMs=5
2026-09-18 21:40:40.649 ERROR [http-nio-8080-exec-10] [traceId=] o.a.c.c.C.[.[.[.[dispatcherServlet] - Servlet.service() for servlet [dispatcherServlet] in context with path [] threw exception [Request processing failed; nested exception is org.springframework.data.redis.RedisSystemException: Error in execution; nested exception is io.lettuce.core.RedisCommandExecutionException: ERR Error running script (call to f_2edfb0b8dd45388de70b3e4c88d1f248a9a896cc): @user_script:1: user_script:1: attempt to compare nil with number ] with root cause
io.lettuce.core.RedisCommandExecutionException: ERR Error running script (call to f_2edfb0b8dd45388de70b3e4c88d1f248a9a896cc): @user_script:1: user_script:1: attempt to compare nil with number 
	at io.lettuce.core.internal.ExceptionFactory.createExecutionException(ExceptionFactory.java:147)
	at io.lettuce.core.internal.ExceptionFactory.createExecutionException(ExceptionFactory.java:116)
	at io.lettuce.core.protocol.AsyncCommand.completeResult(AsyncCommand.java:120)
	at io.lettuce.core.protocol.AsyncCommand.complete(AsyncCommand.java:111)
	at io.lettuce.core.protocol.CommandHandler.complete(CommandHandler.java:747)
	at io.lettuce.core.protocol.CommandHandler.decode(CommandHandler.java:682)
	at io.lettuce.core.protocol.CommandHandler.channelRead(CommandHandler.java:599)
	at io.netty.channel.AbstractChannelHandlerContext.invokeChannelRead(AbstractChannelHandlerContext.java:379)
	at io.netty.channel.AbstractChannelHandlerContext.invokeChannelRead(AbstractChannelHandlerContext.java:365)
	at io.netty.channel.AbstractChannelHandlerContext.fireChannelRead(AbstractChannelHandlerContext.java:357)
	at io.netty.channel.DefaultChannelPipeline$HeadContext.channelRead(DefaultChannelPipeline.java:1410)
	at io.netty.channel.AbstractChannelHandlerContext.invokeChannelRead(AbstractChannelHandlerContext.java:379)
	at io.netty.channel.AbstractChannelHandlerContext.invokeChannelRead(AbstractChannelHandlerContext.java:365)
	at io.netty.channel.DefaultChannelPipeline.fireChannelRead(DefaultChannelPipeline.java:919)
	at io.netty.channel.nio.AbstractNioByteChannel$NioByteUnsafe.read(AbstractNioByteChannel.java:166)
	at io.netty.channel.nio.NioEventLoop.processSelectedKey(NioEventLoop.java:722)
	at io.netty.channel.nio.NioEventLoop.processSelectedKeysOptimized(NioEventLoop.java:658)
	at io.netty.channel.nio.NioEventLoop.processSelectedKeys(NioEventLoop.java:584)
	at io.netty.channel.nio.NioEventLoop.run(NioEventLoop.java:496)
	at io.netty.util.concurrent.SingleThreadEventExecutor$4.run(SingleThreadEventExecutor.java:997)
	at io.netty.util.internal.ThreadExecutorMap$2.run(ThreadExecutorMap.java:74)
	at io.netty.util.concurrent.FastThreadLocalRunnable.run(FastThreadLocalRunnable.java:30)
	at java.base/java.lang.Thread.run(Thread.java:840)
2026-09-18 21:41:00.003 INFO  [scheduling-1] [traceId=] com.sky.task.OrderTask - user订单取消任务开始执行
2026-09-18 21:41:00.003 DEBUG [scheduling-1] [traceId=] c.s.m.O.cancelOrderByStatusAndTime - ==>  Preparing: select * from orders where status = ? and order_time < ?
2026-09-18 21:41:00.004 DEBUG [scheduling-1] [traceId=] c.s.m.O.cancelOrderByStatusAndTime - ==> Parameters: 1(Integer), 2026-09-18T21:26:00.003012700(LocalDateTime)
2026-09-18 21:41:00.005 DEBUG [scheduling-1] [traceId=] c.s.m.O.cancelOrderByStatusAndTime - <==      Total: 0
2026-09-18 21:42:00.006 INFO  [scheduling-1] [traceId=] com.sky.task.OrderTask - user订单取消任务开始执行
2026-09-18 21:42:00.024 ERROR [scheduling-1] [traceId=] c.a.d.pool.DruidAbstractDataSource - discard long time none received connection. , jdbcUrl : jdbc:mysql://localhost:3306/sky_take_out?serverTimezone=Asia/Shanghai&useUnicode=true&characterEncoding=utf-8&zeroDateTimeBehavior=convertToNull&useSSL=false&allowPublicKeyRetrieval=true, jdbcUrl : jdbc:mysql://localhost:3306/sky_take_out?serverTimezone=Asia/Shanghai&useUnicode=true&characterEncoding=utf-8&zeroDateTimeBehavior=convertToNull&useSSL=false&allowPublicKeyRetrieval=true, lastPacketReceivedIdleMillis : 60005
2026-09-18 21:42:00.025 ERROR [scheduling-1] [traceId=] c.a.d.pool.DruidAbstractDataSource - discard long time none received connection. , jdbcUrl : jdbc:mysql://localhost:3306/sky_take_out?serverTimezone=Asia/Shanghai&useUnicode=true&characterEncoding=utf-8&zeroDateTimeBehavior=convertToNull&useSSL=false&allowPublicKeyRetrieval=true, jdbcUrl : jdbc:mysql://localhost:3306/sky_take_out?serverTimezone=Asia/Shanghai&useUnicode=true&characterEncoding=utf-8&zeroDateTimeBehavior=convertToNull&useSSL=false&allowPublicKeyRetrieval=true, lastPacketReceivedIdleMillis : 168660
2026-09-18 21:42:00.033 DEBUG [scheduling-1] [traceId=] c.s.m.O.cancelOrderByStatusAndTime - ==>  Preparing: select * from orders where status = ? and order_time < ?
2026-09-18 21:42:00.034 DEBUG [scheduling-1] [traceId=] c.s.m.O.cancelOrderByStatusAndTime - ==> Parameters: 1(Integer), 2026-09-18T21:27:00.006822600(LocalDateTime)
2026-09-18 21:42:00.035 DEBUG [scheduling-1] [traceId=] c.s.m.O.cancelOrderByStatusAndTime - <==      Total: 0
2026-09-18 21:42:54.086 INFO  [http-nio-8080-exec-1] [traceId=yx-mu70dim4-8ue5g4y2] com.sky.filter.TraceIdFilter - 请求开始 method=GET, uri=/user/shop/status
2026-09-18 21:42:54.088 INFO  [http-nio-8080-exec-1] [traceId=yx-mu70dim4-8ue5g4y2] c.sky.controller.user.ShopController - 获取营业状态：营业中
2026-09-18 21:42:54.088 INFO  [http-nio-8080-exec-1] [traceId=yx-mu70dim4-8ue5g4y2] com.sky.filter.TraceIdFilter - 请求结束 method=GET, uri=/user/shop/status, status=200, elapsedMs=2
2026-09-18 21:42:54.094 INFO  [http-nio-8080-exec-2] [traceId=yx-mu70dimd-bpsxgfiz] com.sky.filter.TraceIdFilter - 请求开始 method=GET, uri=/user/category/list
2026-09-18 21:42:54.094 INFO  [http-nio-8080-exec-6] [traceId=yx-mu70dimg-raxy4s8e] com.sky.filter.TraceIdFilter - 请求开始 method=GET, uri=/user/shoppingCart/list
2026-09-18 21:42:54.094 INFO  [http-nio-8080-exec-2] [traceId=yx-mu70dimd-bpsxgfiz] c.s.i.JwtTokenUserInterceptor - jwt校验:eyJhbGciOiJIUzI1NiJ9.eyJleHAiOjE3ODk3NDU5NTEsInVzZXJJZCI6MTF9.5T9fFDkU9mDgfy-PdavW83k9y9TYvNolmWZdEP0_s1A
2026-09-18 21:42:54.095 INFO  [http-nio-8080-exec-6] [traceId=yx-mu70dimg-raxy4s8e] c.s.i.JwtTokenUserInterceptor - jwt校验:eyJhbGciOiJIUzI1NiJ9.eyJleHAiOjE3ODk3NDU5NTEsInVzZXJJZCI6MTF9.5T9fFDkU9mDgfy-PdavW83k9y9TYvNolmWZdEP0_s1A
2026-09-18 21:42:54.095 INFO  [http-nio-8080-exec-2] [traceId=yx-mu70dimd-bpsxgfiz] c.s.i.JwtTokenUserInterceptor - 当前用户id：11
2026-09-18 21:42:54.095 INFO  [http-nio-8080-exec-6] [traceId=yx-mu70dimg-raxy4s8e] c.s.i.JwtTokenUserInterceptor - 当前用户id：11
2026-09-18 21:42:54.095 INFO  [http-nio-8080-exec-6] [traceId=yx-mu70dimg-raxy4s8e] c.s.c.user.ShoppingCartController - 用户查看购物车
2026-09-18 21:42:54.096 DEBUG [http-nio-8080-exec-2] [traceId=yx-mu70dimd-bpsxgfiz] com.sky.mapper.CategoryMapper.list - ==>  Preparing: select * from category where status = 1 order by sort asc,create_time desc
2026-09-18 21:42:54.096 DEBUG [http-nio-8080-exec-2] [traceId=yx-mu70dimd-bpsxgfiz] com.sky.mapper.CategoryMapper.list - ==> Parameters: 
2026-09-18 21:42:54.097 DEBUG [http-nio-8080-exec-2] [traceId=yx-mu70dimd-bpsxgfiz] com.sky.mapper.CategoryMapper.list - <==      Total: 8
2026-09-18 21:42:54.097 DEBUG [http-nio-8080-exec-6] [traceId=yx-mu70dimg-raxy4s8e] c.sky.mapper.ShoppingCartMapper.list - ==>  Preparing: select * from shopping_cart WHERE user_id = ?
2026-09-18 21:42:54.098 DEBUG [http-nio-8080-exec-6] [traceId=yx-mu70dimg-raxy4s8e] c.sky.mapper.ShoppingCartMapper.list - ==> Parameters: 11(Long)
2026-09-18 21:42:54.098 INFO  [http-nio-8080-exec-2] [traceId=yx-mu70dimd-bpsxgfiz] com.sky.filter.TraceIdFilter - 请求结束 method=GET, uri=/user/category/list, status=200, elapsedMs=4
2026-09-18 21:42:54.099 DEBUG [http-nio-8080-exec-6] [traceId=yx-mu70dimg-raxy4s8e] c.sky.mapper.ShoppingCartMapper.list - <==      Total: 3
2026-09-18 21:42:54.100 INFO  [http-nio-8080-exec-6] [traceId=yx-mu70dimg-raxy4s8e] com.sky.filter.TraceIdFilter - 请求结束 method=GET, uri=/user/shoppingCart/list, status=200, elapsedMs=6
2026-09-18 21:42:54.111 INFO  [http-nio-8080-exec-5] [traceId=yx-mu70dimw-f4ttl4xg] com.sky.filter.TraceIdFilter - 请求开始 method=GET, uri=/user/dish/list
2026-09-18 21:42:54.111 INFO  [http-nio-8080-exec-5] [traceId=yx-mu70dimw-f4ttl4xg] c.s.i.JwtTokenUserInterceptor - jwt校验:eyJhbGciOiJIUzI1NiJ9.eyJleHAiOjE3ODk3NDU5NTEsInVzZXJJZCI6MTF9.5T9fFDkU9mDgfy-PdavW83k9y9TYvNolmWZdEP0_s1A
2026-09-18 21:42:54.112 INFO  [http-nio-8080-exec-5] [traceId=yx-mu70dimw-f4ttl4xg] c.s.i.JwtTokenUserInterceptor - 当前用户id：11
2026-09-18 21:42:54.112 INFO  [http-nio-8080-exec-5] [traceId=yx-mu70dimw-f4ttl4xg] c.sky.controller.user.DishController - 根据分类 ID 查询商品，分类 ID：11
2026-09-18 21:42:54.114 INFO  [http-nio-8080-exec-5] [traceId=yx-mu70dimw-f4ttl4xg] c.sky.controller.user.DishController - 从缓存中查询商品数据
2026-09-18 21:42:54.115 INFO  [http-nio-8080-exec-5] [traceId=yx-mu70dimw-f4ttl4xg] com.sky.filter.TraceIdFilter - 请求结束 method=GET, uri=/user/dish/list, status=200, elapsedMs=4
2026-09-18 21:42:54.149 INFO  [http-nio-8080-exec-3] [traceId=615bb9e2cc9941b1a86df0ab3f321e28] com.sky.filter.TraceIdFilter - 请求开始 method=GET, uri=/assets/yuexuan-product.svg
2026-09-18 21:42:54.151 INFO  [http-nio-8080-exec-3] [traceId=615bb9e2cc9941b1a86df0ab3f321e28] com.sky.filter.TraceIdFilter - 请求结束 method=GET, uri=/assets/yuexuan-product.svg, status=304, elapsedMs=2
2026-09-18 21:42:56.836 INFO  [http-nio-8080-exec-4] [traceId=yx-mu70dkqk-d5csehqr] com.sky.filter.TraceIdFilter - 请求开始 method=GET, uri=/user/dish/list
2026-09-18 21:42:56.837 INFO  [http-nio-8080-exec-4] [traceId=yx-mu70dkqk-d5csehqr] c.s.i.JwtTokenUserInterceptor - jwt校验:eyJhbGciOiJIUzI1NiJ9.eyJleHAiOjE3ODk3NDU5NTEsInVzZXJJZCI6MTF9.5T9fFDkU9mDgfy-PdavW83k9y9TYvNolmWZdEP0_s1A
2026-09-18 21:42:56.838 INFO  [http-nio-8080-exec-4] [traceId=yx-mu70dkqk-d5csehqr] c.s.i.JwtTokenUserInterceptor - 当前用户id：11
2026-09-18 21:42:56.838 INFO  [http-nio-8080-exec-4] [traceId=yx-mu70dkqk-d5csehqr] c.sky.controller.user.DishController - 根据分类 ID 查询商品，分类 ID：12
2026-09-18 21:42:56.840 INFO  [http-nio-8080-exec-4] [traceId=yx-mu70dkqk-d5csehqr] c.sky.controller.user.DishController - 从缓存中查询商品数据
2026-09-18 21:42:56.841 INFO  [http-nio-8080-exec-4] [traceId=yx-mu70dkqk-d5csehqr] com.sky.filter.TraceIdFilter - 请求结束 method=GET, uri=/user/dish/list, status=200, elapsedMs=5
2026-09-18 21:43:00.009 INFO  [scheduling-1] [traceId=] com.sky.task.OrderTask - user订单取消任务开始执行
2026-09-18 21:43:00.009 DEBUG [scheduling-1] [traceId=] c.s.m.O.cancelOrderByStatusAndTime - ==>  Preparing: select * from orders where status = ? and order_time < ?
2026-09-18 21:43:00.009 DEBUG [scheduling-1] [traceId=] c.s.m.O.cancelOrderByStatusAndTime - ==> Parameters: 1(Integer), 2026-09-18T21:28:00.009420100(LocalDateTime)
2026-09-18 21:43:00.010 DEBUG [scheduling-1] [traceId=] c.s.m.O.cancelOrderByStatusAndTime - <==      Total: 0
2026-09-18 21:43:00.684 INFO  [http-nio-8080-exec-7] [traceId=yx-mu70dnpe-26btog4e] com.sky.filter.TraceIdFilter - 请求开始 method=GET, uri=/user/dish/list
2026-09-18 21:43:00.685 INFO  [http-nio-8080-exec-7] [traceId=yx-mu70dnpe-26btog4e] c.s.i.JwtTokenUserInterceptor - jwt校验:eyJhbGciOiJIUzI1NiJ9.eyJleHAiOjE3ODk3NDU5NTEsInVzZXJJZCI6MTF9.5T9fFDkU9mDgfy-PdavW83k9y9TYvNolmWZdEP0_s1A
2026-09-18 21:43:00.685 INFO  [http-nio-8080-exec-7] [traceId=yx-mu70dnpe-26btog4e] c.s.i.JwtTokenUserInterceptor - 当前用户id：11
2026-09-18 21:43:00.686 INFO  [http-nio-8080-exec-7] [traceId=yx-mu70dnpe-26btog4e] c.sky.controller.user.DishController - 根据分类 ID 查询商品，分类 ID：16
2026-09-18 21:43:00.688 DEBUG [http-nio-8080-exec-7] [traceId=yx-mu70dnpe-26btog4e] com.sky.mapper.DishMapper.list - ==>  Preparing: select * from dish WHERE category_id = ? and status = ? order by create_time desc
2026-09-18 21:43:00.688 DEBUG [http-nio-8080-exec-7] [traceId=yx-mu70dnpe-26btog4e] com.sky.mapper.DishMapper.list - ==> Parameters: 16(Long), 1(Integer)
2026-09-18 21:43:00.691 DEBUG [http-nio-8080-exec-7] [traceId=yx-mu70dnpe-26btog4e] com.sky.mapper.DishMapper.list - <==      Total: 3
2026-09-18 21:43:00.696 DEBUG [http-nio-8080-exec-7] [traceId=yx-mu70dnpe-26btog4e] c.s.m.DishFlavorMapper.getByDishId - ==>  Preparing: select * from dish_flavor where dish_id = ?
2026-09-18 21:43:00.697 DEBUG [http-nio-8080-exec-7] [traceId=yx-mu70dnpe-26btog4e] c.s.m.DishFlavorMapper.getByDishId - ==> Parameters: 67(Long)
2026-09-18 21:43:00.698 DEBUG [http-nio-8080-exec-7] [traceId=yx-mu70dnpe-26btog4e] c.s.m.DishFlavorMapper.getByDishId - <==      Total: 0
2026-09-18 21:43:00.698 DEBUG [http-nio-8080-exec-7] [traceId=yx-mu70dnpe-26btog4e] c.s.m.DishFlavorMapper.getByDishId - ==>  Preparing: select * from dish_flavor where dish_id = ?
2026-09-18 21:43:00.699 DEBUG [http-nio-8080-exec-7] [traceId=yx-mu70dnpe-26btog4e] c.s.m.DishFlavorMapper.getByDishId - ==> Parameters: 66(Long)
2026-09-18 21:43:00.700 DEBUG [http-nio-8080-exec-7] [traceId=yx-mu70dnpe-26btog4e] c.s.m.DishFlavorMapper.getByDishId - <==      Total: 0
2026-09-18 21:43:00.700 DEBUG [http-nio-8080-exec-7] [traceId=yx-mu70dnpe-26btog4e] c.s.m.DishFlavorMapper.getByDishId - ==>  Preparing: select * from dish_flavor where dish_id = ?
2026-09-18 21:43:00.701 DEBUG [http-nio-8080-exec-7] [traceId=yx-mu70dnpe-26btog4e] c.s.m.DishFlavorMapper.getByDishId - ==> Parameters: 65(Long)
2026-09-18 21:43:00.702 DEBUG [http-nio-8080-exec-7] [traceId=yx-mu70dnpe-26btog4e] c.s.m.DishFlavorMapper.getByDishId - <==      Total: 1
2026-09-18 21:43:00.702 INFO  [http-nio-8080-exec-7] [traceId=yx-mu70dnpe-26btog4e] c.sky.controller.user.DishController - 从数据库中查询商品数据
2026-09-18 21:43:00.707 INFO  [http-nio-8080-exec-7] [traceId=yx-mu70dnpe-26btog4e] com.sky.filter.TraceIdFilter - 请求结束 method=GET, uri=/user/dish/list, status=200, elapsedMs=23
2026-09-18 21:43:04.078 INFO  [http-nio-8080-exec-8] [traceId=yx-mu70dqbr-8u55l5uw] com.sky.filter.TraceIdFilter - 请求开始 method=GET, uri=/user/dish/list
2026-09-18 21:43:04.079 INFO  [http-nio-8080-exec-8] [traceId=yx-mu70dqbr-8u55l5uw] c.s.i.JwtTokenUserInterceptor - jwt校验:eyJhbGciOiJIUzI1NiJ9.eyJleHAiOjE3ODk3NDU5NTEsInVzZXJJZCI6MTF9.5T9fFDkU9mDgfy-PdavW83k9y9TYvNolmWZdEP0_s1A
2026-09-18 21:43:04.080 INFO  [http-nio-8080-exec-8] [traceId=yx-mu70dqbr-8u55l5uw] c.s.i.JwtTokenUserInterceptor - 当前用户id：11
2026-09-18 21:43:04.080 INFO  [http-nio-8080-exec-8] [traceId=yx-mu70dqbr-8u55l5uw] c.sky.controller.user.DishController - 根据分类 ID 查询商品，分类 ID：17
2026-09-18 21:43:04.081 INFO  [http-nio-8080-exec-8] [traceId=yx-mu70dqbr-8u55l5uw] c.sky.controller.user.DishController - 从缓存中查询商品数据
2026-09-18 21:43:04.082 INFO  [http-nio-8080-exec-8] [traceId=yx-mu70dqbr-8u55l5uw] com.sky.filter.TraceIdFilter - 请求结束 method=GET, uri=/user/dish/list, status=200, elapsedMs=4
2026-09-18 21:43:05.545 INFO  [http-nio-8080-exec-9] [traceId=yx-mu70drge-o7nc24bm] com.sky.filter.TraceIdFilter - 请求开始 method=GET, uri=/user/dish/list
2026-09-18 21:43:05.545 INFO  [http-nio-8080-exec-9] [traceId=yx-mu70drge-o7nc24bm] c.s.i.JwtTokenUserInterceptor - jwt校验:eyJhbGciOiJIUzI1NiJ9.eyJleHAiOjE3ODk3NDU5NTEsInVzZXJJZCI6MTF9.5T9fFDkU9mDgfy-PdavW83k9y9TYvNolmWZdEP0_s1A
2026-09-18 21:43:05.547 INFO  [http-nio-8080-exec-9] [traceId=yx-mu70drge-o7nc24bm] c.s.i.JwtTokenUserInterceptor - 当前用户id：11
2026-09-18 21:43:05.547 INFO  [http-nio-8080-exec-9] [traceId=yx-mu70drge-o7nc24bm] c.sky.controller.user.DishController - 根据分类 ID 查询商品，分类 ID：18
2026-09-18 21:43:05.549 INFO  [http-nio-8080-exec-9] [traceId=yx-mu70drge-o7nc24bm] c.sky.controller.user.DishController - 从缓存中查询商品数据
2026-09-18 21:43:05.551 INFO  [http-nio-8080-exec-9] [traceId=yx-mu70drge-o7nc24bm] com.sky.filter.TraceIdFilter - 请求结束 method=GET, uri=/user/dish/list, status=200, elapsedMs=6
2026-09-18 21:43:11.135 INFO  [http-nio-8080-exec-10] [traceId=yx-mu70dvrt-jzpt32qk] com.sky.filter.TraceIdFilter - 请求开始 method=GET, uri=/user/dish/list
2026-09-18 21:43:11.135 INFO  [http-nio-8080-exec-10] [traceId=yx-mu70dvrt-jzpt32qk] c.s.i.JwtTokenUserInterceptor - jwt校验:eyJhbGciOiJIUzI1NiJ9.eyJleHAiOjE3ODk3NDU5NTEsInVzZXJJZCI6MTF9.5T9fFDkU9mDgfy-PdavW83k9y9TYvNolmWZdEP0_s1A
2026-09-18 21:43:11.136 INFO  [http-nio-8080-exec-10] [traceId=yx-mu70dvrt-jzpt32qk] c.s.i.JwtTokenUserInterceptor - 当前用户id：11
2026-09-18 21:43:11.138 INFO  [http-nio-8080-exec-10] [traceId=yx-mu70dvrt-jzpt32qk] c.sky.controller.user.DishController - 根据分类 ID 查询商品，分类 ID：19
2026-09-18 21:43:11.140 DEBUG [http-nio-8080-exec-10] [traceId=yx-mu70dvrt-jzpt32qk] com.sky.mapper.DishMapper.list - ==>  Preparing: select * from dish WHERE category_id = ? and status = ? order by create_time desc
2026-09-18 21:43:11.140 DEBUG [http-nio-8080-exec-10] [traceId=yx-mu70dvrt-jzpt32qk] com.sky.mapper.DishMapper.list - ==> Parameters: 19(Long), 1(Integer)
2026-09-18 21:43:11.143 DEBUG [http-nio-8080-exec-10] [traceId=yx-mu70dvrt-jzpt32qk] com.sky.mapper.DishMapper.list - <==      Total: 4
2026-09-18 21:43:11.143 DEBUG [http-nio-8080-exec-10] [traceId=yx-mu70dvrt-jzpt32qk] c.s.m.DishFlavorMapper.getByDishId - ==>  Preparing: select * from dish_flavor where dish_id = ?
2026-09-18 21:43:11.143 DEBUG [http-nio-8080-exec-10] [traceId=yx-mu70dvrt-jzpt32qk] c.s.m.DishFlavorMapper.getByDishId - ==> Parameters: 57(Long)
2026-09-18 21:43:11.144 DEBUG [http-nio-8080-exec-10] [traceId=yx-mu70dvrt-jzpt32qk] c.s.m.DishFlavorMapper.getByDishId - <==      Total: 0
2026-09-18 21:43:11.144 DEBUG [http-nio-8080-exec-10] [traceId=yx-mu70dvrt-jzpt32qk] c.s.m.DishFlavorMapper.getByDishId - ==>  Preparing: select * from dish_flavor where dish_id = ?
2026-09-18 21:43:11.145 DEBUG [http-nio-8080-exec-10] [traceId=yx-mu70dvrt-jzpt32qk] c.s.m.DishFlavorMapper.getByDishId - ==> Parameters: 56(Long)
2026-09-18 21:43:11.145 DEBUG [http-nio-8080-exec-10] [traceId=yx-mu70dvrt-jzpt32qk] c.s.m.DishFlavorMapper.getByDishId - <==      Total: 0
2026-09-18 21:43:11.146 DEBUG [http-nio-8080-exec-10] [traceId=yx-mu70dvrt-jzpt32qk] c.s.m.DishFlavorMapper.getByDishId - ==>  Preparing: select * from dish_flavor where dish_id = ?
2026-09-18 21:43:11.146 DEBUG [http-nio-8080-exec-10] [traceId=yx-mu70dvrt-jzpt32qk] c.s.m.DishFlavorMapper.getByDishId - ==> Parameters: 55(Long)
2026-09-18 21:43:11.147 DEBUG [http-nio-8080-exec-10] [traceId=yx-mu70dvrt-jzpt32qk] c.s.m.DishFlavorMapper.getByDishId - <==      Total: 0
2026-09-18 21:43:11.147 DEBUG [http-nio-8080-exec-10] [traceId=yx-mu70dvrt-jzpt32qk] c.s.m.DishFlavorMapper.getByDishId - ==>  Preparing: select * from dish_flavor where dish_id = ?
2026-09-18 21:43:11.147 DEBUG [http-nio-8080-exec-10] [traceId=yx-mu70dvrt-jzpt32qk] c.s.m.DishFlavorMapper.getByDishId - ==> Parameters: 54(Long)
2026-09-18 21:43:11.148 DEBUG [http-nio-8080-exec-10] [traceId=yx-mu70dvrt-jzpt32qk] c.s.m.DishFlavorMapper.getByDishId - <==      Total: 0
2026-09-18 21:43:11.148 INFO  [http-nio-8080-exec-10] [traceId=yx-mu70dvrt-jzpt32qk] c.sky.controller.user.DishController - 从数据库中查询商品数据
2026-09-18 21:43:11.151 INFO  [http-nio-8080-exec-10] [traceId=yx-mu70dvrt-jzpt32qk] com.sky.filter.TraceIdFilter - 请求结束 method=GET, uri=/user/dish/list, status=200, elapsedMs=16
2026-09-18 21:43:14.194 INFO  [http-nio-8080-exec-1] [traceId=yx-mu70dy4r-y0ypv93d] com.sky.filter.TraceIdFilter - 请求开始 method=GET, uri=/user/dish/list
2026-09-18 21:43:14.195 INFO  [http-nio-8080-exec-1] [traceId=yx-mu70dy4r-y0ypv93d] c.s.i.JwtTokenUserInterceptor - jwt校验:eyJhbGciOiJIUzI1NiJ9.eyJleHAiOjE3ODk3NDU5NTEsInVzZXJJZCI6MTF9.5T9fFDkU9mDgfy-PdavW83k9y9TYvNolmWZdEP0_s1A
2026-09-18 21:43:14.195 INFO  [http-nio-8080-exec-1] [traceId=yx-mu70dy4r-y0ypv93d] c.s.i.JwtTokenUserInterceptor - 当前用户id：11
2026-09-18 21:43:14.196 INFO  [http-nio-8080-exec-1] [traceId=yx-mu70dy4r-y0ypv93d] c.sky.controller.user.DishController - 根据分类 ID 查询商品，分类 ID：20
2026-09-18 21:43:14.197 DEBUG [http-nio-8080-exec-1] [traceId=yx-mu70dy4r-y0ypv93d] com.sky.mapper.DishMapper.list - ==>  Preparing: select * from dish WHERE category_id = ? and status = ? order by create_time desc
2026-09-18 21:43:14.197 DEBUG [http-nio-8080-exec-1] [traceId=yx-mu70dy4r-y0ypv93d] com.sky.mapper.DishMapper.list - ==> Parameters: 20(Long), 1(Integer)
2026-09-18 21:43:14.199 DEBUG [http-nio-8080-exec-1] [traceId=yx-mu70dy4r-y0ypv93d] com.sky.mapper.DishMapper.list - <==      Total: 2
2026-09-18 21:43:14.199 DEBUG [http-nio-8080-exec-1] [traceId=yx-mu70dy4r-y0ypv93d] c.s.m.DishFlavorMapper.getByDishId - ==>  Preparing: select * from dish_flavor where dish_id = ?
2026-09-18 21:43:14.200 DEBUG [http-nio-8080-exec-1] [traceId=yx-mu70dy4r-y0ypv93d] c.s.m.DishFlavorMapper.getByDishId - ==> Parameters: 69(Long)
2026-09-18 21:43:14.200 DEBUG [http-nio-8080-exec-1] [traceId=yx-mu70dy4r-y0ypv93d] c.s.m.DishFlavorMapper.getByDishId - <==      Total: 0
2026-09-18 21:43:14.201 DEBUG [http-nio-8080-exec-1] [traceId=yx-mu70dy4r-y0ypv93d] c.s.m.DishFlavorMapper.getByDishId - ==>  Preparing: select * from dish_flavor where dish_id = ?
2026-09-18 21:43:14.201 DEBUG [http-nio-8080-exec-1] [traceId=yx-mu70dy4r-y0ypv93d] c.s.m.DishFlavorMapper.getByDishId - ==> Parameters: 68(Long)
2026-09-18 21:43:14.202 DEBUG [http-nio-8080-exec-1] [traceId=yx-mu70dy4r-y0ypv93d] c.s.m.DishFlavorMapper.getByDishId - <==      Total: 0
2026-09-18 21:43:14.202 INFO  [http-nio-8080-exec-1] [traceId=yx-mu70dy4r-y0ypv93d] c.sky.controller.user.DishController - 从数据库中查询商品数据
2026-09-18 21:43:14.205 INFO  [http-nio-8080-exec-1] [traceId=yx-mu70dy4r-y0ypv93d] com.sky.filter.TraceIdFilter - 请求结束 method=GET, uri=/user/dish/list, status=200, elapsedMs=11
2026-09-18 21:43:16.063 INFO  [http-nio-8080-exec-2] [traceId=yx-mu70dzkp-1dbjx7ms] com.sky.filter.TraceIdFilter - 请求开始 method=GET, uri=/user/dish/list
2026-09-18 21:43:16.063 INFO  [http-nio-8080-exec-2] [traceId=yx-mu70dzkp-1dbjx7ms] c.s.i.JwtTokenUserInterceptor - jwt校验:eyJhbGciOiJIUzI1NiJ9.eyJleHAiOjE3ODk3NDU5NTEsInVzZXJJZCI6MTF9.5T9fFDkU9mDgfy-PdavW83k9y9TYvNolmWZdEP0_s1A
2026-09-18 21:43:16.064 INFO  [http-nio-8080-exec-2] [traceId=yx-mu70dzkp-1dbjx7ms] c.s.i.JwtTokenUserInterceptor - 当前用户id：11
2026-09-18 21:43:16.065 INFO  [http-nio-8080-exec-2] [traceId=yx-mu70dzkp-1dbjx7ms] c.sky.controller.user.DishController - 根据分类 ID 查询商品，分类 ID：26
2026-09-18 21:43:16.066 DEBUG [http-nio-8080-exec-2] [traceId=yx-mu70dzkp-1dbjx7ms] com.sky.mapper.DishMapper.list - ==>  Preparing: select * from dish WHERE category_id = ? and status = ? order by create_time desc
2026-09-18 21:43:16.066 DEBUG [http-nio-8080-exec-2] [traceId=yx-mu70dzkp-1dbjx7ms] com.sky.mapper.DishMapper.list - ==> Parameters: 26(Long), 1(Integer)
2026-09-18 21:43:16.067 DEBUG [http-nio-8080-exec-2] [traceId=yx-mu70dzkp-1dbjx7ms] com.sky.mapper.DishMapper.list - <==      Total: 1
2026-09-18 21:43:16.067 DEBUG [http-nio-8080-exec-2] [traceId=yx-mu70dzkp-1dbjx7ms] c.s.m.DishFlavorMapper.getByDishId - ==>  Preparing: select * from dish_flavor where dish_id = ?
2026-09-18 21:43:16.068 DEBUG [http-nio-8080-exec-2] [traceId=yx-mu70dzkp-1dbjx7ms] c.s.m.DishFlavorMapper.getByDishId - ==> Parameters: 72(Long)
2026-09-18 21:43:16.069 DEBUG [http-nio-8080-exec-2] [traceId=yx-mu70dzkp-1dbjx7ms] c.s.m.DishFlavorMapper.getByDishId - <==      Total: 1
2026-09-18 21:43:16.069 INFO  [http-nio-8080-exec-2] [traceId=yx-mu70dzkp-1dbjx7ms] c.sky.controller.user.DishController - 从数据库中查询商品数据
2026-09-18 21:43:16.072 INFO  [http-nio-8080-exec-2] [traceId=yx-mu70dzkp-1dbjx7ms] com.sky.filter.TraceIdFilter - 请求结束 method=GET, uri=/user/dish/list, status=200, elapsedMs=9
2026-09-18 21:44:00.001 INFO  [scheduling-1] [traceId=] com.sky.task.OrderTask - user订单取消任务开始执行
2026-09-18 21:44:00.001 DEBUG [scheduling-1] [traceId=] c.s.m.O.cancelOrderByStatusAndTime - ==>  Preparing: select * from orders where status = ? and order_time < ?
2026-09-18 21:44:00.002 DEBUG [scheduling-1] [traceId=] c.s.m.O.cancelOrderByStatusAndTime - ==> Parameters: 1(Integer), 2026-09-18T21:29:00.001145700(LocalDateTime)
2026-09-18 21:44:00.003 DEBUG [scheduling-1] [traceId=] c.s.m.O.cancelOrderByStatusAndTime - <==      Total: 0
2026-09-18 21:44:51.865 INFO  [http-nio-8080-exec-4] [traceId=yx-mu70g1hf-9a2rup12] com.sky.filter.TraceIdFilter - 请求开始 method=GET, uri=/user/shop/status
2026-09-18 21:44:51.866 INFO  [http-nio-8080-exec-4] [traceId=yx-mu70g1hf-9a2rup12] c.sky.controller.user.ShopController - 获取营业状态：营业中
2026-09-18 21:44:51.868 INFO  [http-nio-8080-exec-4] [traceId=yx-mu70g1hf-9a2rup12] com.sky.filter.TraceIdFilter - 请求结束 method=GET, uri=/user/shop/status, status=200, elapsedMs=3
2026-09-18 21:44:54.716 INFO  [http-nio-8080-exec-7] [traceId=yx-mu70g3p3-3d26x79e] com.sky.filter.TraceIdFilter - 请求开始 method=POST, uri=/user/user/login
2026-09-18 21:44:54.717 INFO  [http-nio-8080-exec-7] [traceId=yx-mu70g3p3-3d26x79e] c.sky.controller.user.UserController - 用户登录：0d3DzC0008W28X1DF73006XiRB3DzC0Z
2026-09-18 21:44:54.717 INFO  [http-nio-8080-exec-7] [traceId=yx-mu70g3p3-3d26x79e] com.sky.service.impl.UserServiceImpl - 微信登录，参数：UserLoginDTO(code=0d3DzC0008W28X1DF73006XiRB3DzC0Z)
2026-09-18 21:44:54.717 INFO  [http-nio-8080-exec-7] [traceId=yx-mu70g3p3-3d26x79e] com.sky.service.impl.UserServiceImpl - 使用本地模拟微信登录，openid=dev_rp5jbw
2026-09-18 21:44:54.717 DEBUG [http-nio-8080-exec-7] [traceId=yx-mu70g3p3-3d26x79e] c.sky.mapper.UserMapper.getByOpenid - ==>  Preparing: select * from user where openid = ?
2026-09-18 21:44:54.717 DEBUG [http-nio-8080-exec-7] [traceId=yx-mu70g3p3-3d26x79e] c.sky.mapper.UserMapper.getByOpenid - ==> Parameters: dev_rp5jbw(String)
2026-09-18 21:44:54.718 DEBUG [http-nio-8080-exec-7] [traceId=yx-mu70g3p3-3d26x79e] c.sky.mapper.UserMapper.getByOpenid - <==      Total: 0
2026-09-18 21:44:54.718 DEBUG [http-nio-8080-exec-7] [traceId=yx-mu70g3p3-3d26x79e] com.sky.mapper.UserMapper.insert - ==>  Preparing: insert into user (openid, name, phone, sex, id_number, avatar, create_time) values (?, ?, ?, ?, ?, ?, ?)
2026-09-18 21:44:54.719 DEBUG [http-nio-8080-exec-7] [traceId=yx-mu70g3p3-3d26x79e] com.sky.mapper.UserMapper.insert - ==> Parameters: dev_rp5jbw(String), null, null, null, null, null, 2026-09-18T21:44:54.718139600(LocalDateTime)
2026-09-18 21:44:54.724 DEBUG [http-nio-8080-exec-7] [traceId=yx-mu70g3p3-3d26x79e] com.sky.mapper.UserMapper.insert - <==    Updates: 1
2026-09-18 21:44:54.725 INFO  [http-nio-8080-exec-7] [traceId=yx-mu70g3p3-3d26x79e] com.sky.filter.TraceIdFilter - 请求结束 method=POST, uri=/user/user/login, status=200, elapsedMs=9
2026-09-18 21:44:54.735 INFO  [http-nio-8080-exec-8] [traceId=yx-mu70g3pm-ki0fhd1c] com.sky.filter.TraceIdFilter - 请求开始 method=GET, uri=/user/category/list
2026-09-18 21:44:54.735 INFO  [http-nio-8080-exec-8] [traceId=yx-mu70g3pm-ki0fhd1c] c.s.i.JwtTokenUserInterceptor - jwt校验:eyJhbGciOiJIUzI1NiJ9.eyJleHAiOjE3ODk3NDYyOTQsInVzZXJJZCI6MTJ9.1jB-CAC-6rFeKnmuUHA3WRqELnKwdkhnIvYWlb5ANUM
2026-09-18 21:44:54.736 INFO  [http-nio-8080-exec-8] [traceId=yx-mu70g3pm-ki0fhd1c] c.s.i.JwtTokenUserInterceptor - 当前用户id：12
2026-09-18 21:44:54.736 DEBUG [http-nio-8080-exec-8] [traceId=yx-mu70g3pm-ki0fhd1c] com.sky.mapper.CategoryMapper.list - ==>  Preparing: select * from category where status = 1 order by sort asc,create_time desc
2026-09-18 21:44:54.736 DEBUG [http-nio-8080-exec-8] [traceId=yx-mu70g3pm-ki0fhd1c] com.sky.mapper.CategoryMapper.list - ==> Parameters: 
2026-09-18 21:44:54.738 INFO  [http-nio-8080-exec-9] [traceId=yx-mu70g3pp-51b1rrpr] com.sky.filter.TraceIdFilter - 请求开始 method=GET, uri=/user/shoppingCart/list
2026-09-18 21:44:54.738 DEBUG [http-nio-8080-exec-8] [traceId=yx-mu70g3pm-ki0fhd1c] com.sky.mapper.CategoryMapper.list - <==      Total: 8
2026-09-18 21:44:54.738 INFO  [http-nio-8080-exec-9] [traceId=yx-mu70g3pp-51b1rrpr] c.s.i.JwtTokenUserInterceptor - jwt校验:eyJhbGciOiJIUzI1NiJ9.eyJleHAiOjE3ODk3NDYyOTQsInVzZXJJZCI6MTJ9.1jB-CAC-6rFeKnmuUHA3WRqELnKwdkhnIvYWlb5ANUM
2026-09-18 21:44:54.738 INFO  [http-nio-8080-exec-9] [traceId=yx-mu70g3pp-51b1rrpr] c.s.i.JwtTokenUserInterceptor - 当前用户id：12
2026-09-18 21:44:54.738 INFO  [http-nio-8080-exec-9] [traceId=yx-mu70g3pp-51b1rrpr] c.s.c.user.ShoppingCartController - 用户查看购物车
2026-09-18 21:44:54.739 DEBUG [http-nio-8080-exec-9] [traceId=yx-mu70g3pp-51b1rrpr] c.sky.mapper.ShoppingCartMapper.list - ==>  Preparing: select * from shopping_cart WHERE user_id = ?
2026-09-18 21:44:54.739 DEBUG [http-nio-8080-exec-9] [traceId=yx-mu70g3pp-51b1rrpr] c.sky.mapper.ShoppingCartMapper.list - ==> Parameters: 12(Long)
2026-09-18 21:44:54.739 DEBUG [http-nio-8080-exec-9] [traceId=yx-mu70g3pp-51b1rrpr] c.sky.mapper.ShoppingCartMapper.list - <==      Total: 0
2026-09-18 21:44:54.740 INFO  [http-nio-8080-exec-9] [traceId=yx-mu70g3pp-51b1rrpr] com.sky.filter.TraceIdFilter - 请求结束 method=GET, uri=/user/shoppingCart/list, status=200, elapsedMs=2
2026-09-18 21:44:54.740 INFO  [http-nio-8080-exec-8] [traceId=yx-mu70g3pm-ki0fhd1c] com.sky.filter.TraceIdFilter - 请求结束 method=GET, uri=/user/category/list, status=200, elapsedMs=5
2026-09-18 21:44:54.750 INFO  [http-nio-8080-exec-10] [traceId=yx-mu70g3q2-fnrr1wei] com.sky.filter.TraceIdFilter - 请求开始 method=GET, uri=/user/dish/list
2026-09-18 21:44:54.750 INFO  [http-nio-8080-exec-10] [traceId=yx-mu70g3q2-fnrr1wei] c.s.i.JwtTokenUserInterceptor - jwt校验:eyJhbGciOiJIUzI1NiJ9.eyJleHAiOjE3ODk3NDYyOTQsInVzZXJJZCI6MTJ9.1jB-CAC-6rFeKnmuUHA3WRqELnKwdkhnIvYWlb5ANUM
2026-09-18 21:44:54.751 INFO  [http-nio-8080-exec-10] [traceId=yx-mu70g3q2-fnrr1wei] c.s.i.JwtTokenUserInterceptor - 当前用户id：12
2026-09-18 21:44:54.751 INFO  [http-nio-8080-exec-10] [traceId=yx-mu70g3q2-fnrr1wei] c.sky.controller.user.DishController - 根据分类 ID 查询商品，分类 ID：11
2026-09-18 21:44:54.751 INFO  [http-nio-8080-exec-10] [traceId=yx-mu70g3q2-fnrr1wei] c.sky.controller.user.DishController - 从缓存中查询商品数据
2026-09-18 21:44:54.752 INFO  [http-nio-8080-exec-10] [traceId=yx-mu70g3q2-fnrr1wei] com.sky.filter.TraceIdFilter - 请求结束 method=GET, uri=/user/dish/list, status=200, elapsedMs=2
2026-09-18 21:45:00.002 INFO  [scheduling-1] [traceId=] com.sky.task.OrderTask - user订单取消任务开始执行
2026-09-18 21:45:00.002 DEBUG [scheduling-1] [traceId=] c.s.m.O.cancelOrderByStatusAndTime - ==>  Preparing: select * from orders where status = ? and order_time < ?
2026-09-18 21:45:00.002 DEBUG [scheduling-1] [traceId=] c.s.m.O.cancelOrderByStatusAndTime - ==> Parameters: 1(Integer), 2026-09-18T21:30:00.002842800(LocalDateTime)
2026-09-18 21:45:00.003 DEBUG [scheduling-1] [traceId=] c.s.m.O.cancelOrderByStatusAndTime - <==      Total: 0
2026-09-18 21:45:05.177 INFO  [http-nio-8080-exec-1] [traceId=yx-mu70gbrk-j0w7ea6w] com.sky.filter.TraceIdFilter - 请求开始 method=GET, uri=/user/shop/status
2026-09-18 21:45:05.178 INFO  [http-nio-8080-exec-1] [traceId=yx-mu70gbrk-j0w7ea6w] c.sky.controller.user.ShopController - 获取营业状态：营业中
2026-09-18 21:45:05.179 INFO  [http-nio-8080-exec-1] [traceId=yx-mu70gbrk-j0w7ea6w] com.sky.filter.TraceIdFilter - 请求结束 method=GET, uri=/user/shop/status, status=200, elapsedMs=2
2026-09-18 21:45:20.165 INFO  [http-nio-8080-exec-2] [traceId=yx-mu70gnc0-4ygj6emd] com.sky.filter.TraceIdFilter - 请求开始 method=POST, uri=/user/user/login
2026-09-18 21:45:20.166 INFO  [http-nio-8080-exec-2] [traceId=yx-mu70gnc0-4ygj6emd] c.sky.controller.user.UserController - 用户登录：0f3JQEFa1GwUrM0XhgGa1uJcmO3JQEFD
2026-09-18 21:45:20.166 INFO  [http-nio-8080-exec-2] [traceId=yx-mu70gnc0-4ygj6emd] com.sky.service.impl.UserServiceImpl - 微信登录，参数：UserLoginDTO(code=0f3JQEFa1GwUrM0XhgGa1uJcmO3JQEFD)
2026-09-18 21:45:20.166 INFO  [http-nio-8080-exec-2] [traceId=yx-mu70gnc0-4ygj6emd] com.sky.service.impl.UserServiceImpl - 使用本地模拟微信登录，openid=dev_z04vzn
2026-09-18 21:45:20.166 DEBUG [http-nio-8080-exec-2] [traceId=yx-mu70gnc0-4ygj6emd] c.sky.mapper.UserMapper.getByOpenid - ==>  Preparing: select * from user where openid = ?
2026-09-18 21:45:20.166 DEBUG [http-nio-8080-exec-2] [traceId=yx-mu70gnc0-4ygj6emd] c.sky.mapper.UserMapper.getByOpenid - ==> Parameters: dev_z04vzn(String)
2026-09-18 21:45:20.167 DEBUG [http-nio-8080-exec-2] [traceId=yx-mu70gnc0-4ygj6emd] c.sky.mapper.UserMapper.getByOpenid - <==      Total: 0
2026-09-18 21:45:20.167 DEBUG [http-nio-8080-exec-2] [traceId=yx-mu70gnc0-4ygj6emd] com.sky.mapper.UserMapper.insert - ==>  Preparing: insert into user (openid, name, phone, sex, id_number, avatar, create_time) values (?, ?, ?, ?, ?, ?, ?)
2026-09-18 21:45:20.167 DEBUG [http-nio-8080-exec-2] [traceId=yx-mu70gnc0-4ygj6emd] com.sky.mapper.UserMapper.insert - ==> Parameters: dev_z04vzn(String), null, null, null, null, null, 2026-09-18T21:45:20.167377200(LocalDateTime)
2026-09-18 21:45:20.173 DEBUG [http-nio-8080-exec-2] [traceId=yx-mu70gnc0-4ygj6emd] com.sky.mapper.UserMapper.insert - <==    Updates: 1
2026-09-18 21:45:20.174 INFO  [http-nio-8080-exec-2] [traceId=yx-mu70gnc0-4ygj6emd] com.sky.filter.TraceIdFilter - 请求结束 method=POST, uri=/user/user/login, status=200, elapsedMs=9
2026-09-18 21:45:20.184 INFO  [http-nio-8080-exec-6] [traceId=yx-mu70gncj-hdts8oht] com.sky.filter.TraceIdFilter - 请求开始 method=GET, uri=/user/category/list
2026-09-18 21:45:20.184 INFO  [http-nio-8080-exec-6] [traceId=yx-mu70gncj-hdts8oht] c.s.i.JwtTokenUserInterceptor - jwt校验:eyJhbGciOiJIUzI1NiJ9.eyJleHAiOjE3ODk3NDYzMjAsInVzZXJJZCI6MTN9.OkwmNbXI61S5SSAVkPO6x5eWDh0MMUU38K-0J8FEAfY
2026-09-18 21:45:20.185 INFO  [http-nio-8080-exec-6] [traceId=yx-mu70gncj-hdts8oht] c.s.i.JwtTokenUserInterceptor - 当前用户id：13
2026-09-18 21:45:20.185 DEBUG [http-nio-8080-exec-6] [traceId=yx-mu70gncj-hdts8oht] com.sky.mapper.CategoryMapper.list - ==>  Preparing: select * from category where status = 1 order by sort asc,create_time desc
2026-09-18 21:45:20.185 DEBUG [http-nio-8080-exec-6] [traceId=yx-mu70gncj-hdts8oht] com.sky.mapper.CategoryMapper.list - ==> Parameters: 
2026-09-18 21:45:20.187 DEBUG [http-nio-8080-exec-6] [traceId=yx-mu70gncj-hdts8oht] com.sky.mapper.CategoryMapper.list - <==      Total: 8
2026-09-18 21:45:20.187 INFO  [http-nio-8080-exec-5] [traceId=yx-mu70gncl-zatibkbe] com.sky.filter.TraceIdFilter - 请求开始 method=GET, uri=/user/shoppingCart/list
2026-09-18 21:45:20.187 INFO  [http-nio-8080-exec-5] [traceId=yx-mu70gncl-zatibkbe] c.s.i.JwtTokenUserInterceptor - jwt校验:eyJhbGciOiJIUzI1NiJ9.eyJleHAiOjE3ODk3NDYzMjAsInVzZXJJZCI6MTN9.OkwmNbXI61S5SSAVkPO6x5eWDh0MMUU38K-0J8FEAfY
2026-09-18 21:45:20.187 INFO  [http-nio-8080-exec-5] [traceId=yx-mu70gncl-zatibkbe] c.s.i.JwtTokenUserInterceptor - 当前用户id：13
2026-09-18 21:45:20.187 INFO  [http-nio-8080-exec-6] [traceId=yx-mu70gncj-hdts8oht] com.sky.filter.TraceIdFilter - 请求结束 method=GET, uri=/user/category/list, status=200, elapsedMs=3
2026-09-18 21:45:20.187 INFO  [http-nio-8080-exec-5] [traceId=yx-mu70gncl-zatibkbe] c.s.c.user.ShoppingCartController - 用户查看购物车
2026-09-18 21:45:20.188 DEBUG [http-nio-8080-exec-5] [traceId=yx-mu70gncl-zatibkbe] c.sky.mapper.ShoppingCartMapper.list - ==>  Preparing: select * from shopping_cart WHERE user_id = ?
2026-09-18 21:45:20.188 DEBUG [http-nio-8080-exec-5] [traceId=yx-mu70gncl-zatibkbe] c.sky.mapper.ShoppingCartMapper.list - ==> Parameters: 13(Long)
2026-09-18 21:45:20.188 DEBUG [http-nio-8080-exec-5] [traceId=yx-mu70gncl-zatibkbe] c.sky.mapper.ShoppingCartMapper.list - <==      Total: 0
2026-09-18 21:45:20.189 INFO  [http-nio-8080-exec-5] [traceId=yx-mu70gncl-zatibkbe] com.sky.filter.TraceIdFilter - 请求结束 method=GET, uri=/user/shoppingCart/list, status=200, elapsedMs=2
2026-09-18 21:45:20.201 INFO  [http-nio-8080-exec-3] [traceId=yx-mu70gnd0-0xvhrylb] com.sky.filter.TraceIdFilter - 请求开始 method=GET, uri=/user/dish/list
2026-09-18 21:45:20.201 INFO  [http-nio-8080-exec-3] [traceId=yx-mu70gnd0-0xvhrylb] c.s.i.JwtTokenUserInterceptor - jwt校验:eyJhbGciOiJIUzI1NiJ9.eyJleHAiOjE3ODk3NDYzMjAsInVzZXJJZCI6MTN9.OkwmNbXI61S5SSAVkPO6x5eWDh0MMUU38K-0J8FEAfY
2026-09-18 21:45:20.201 INFO  [http-nio-8080-exec-3] [traceId=yx-mu70gnd0-0xvhrylb] c.s.i.JwtTokenUserInterceptor - 当前用户id：13
2026-09-18 21:45:20.202 INFO  [http-nio-8080-exec-3] [traceId=yx-mu70gnd0-0xvhrylb] c.sky.controller.user.DishController - 根据分类 ID 查询商品，分类 ID：11
2026-09-18 21:45:20.203 INFO  [http-nio-8080-exec-3] [traceId=yx-mu70gnd0-0xvhrylb] c.sky.controller.user.DishController - 从缓存中查询商品数据
2026-09-18 21:45:20.204 INFO  [http-nio-8080-exec-3] [traceId=yx-mu70gnd0-0xvhrylb] com.sky.filter.TraceIdFilter - 请求结束 method=GET, uri=/user/dish/list, status=200, elapsedMs=3
2026-09-18 21:45:30.482 INFO  [http-nio-8080-exec-4] [traceId=yx-mu70gvai-81ubmtm2] com.sky.filter.TraceIdFilter - 请求开始 method=GET, uri=/user/shop/status
2026-09-18 21:45:30.483 INFO  [http-nio-8080-exec-4] [traceId=yx-mu70gvai-81ubmtm2] c.sky.controller.user.ShopController - 获取营业状态：营业中
2026-09-18 21:45:30.484 INFO  [http-nio-8080-exec-4] [traceId=yx-mu70gvai-81ubmtm2] com.sky.filter.TraceIdFilter - 请求结束 method=GET, uri=/user/shop/status, status=200, elapsedMs=2
2026-09-18 21:45:33.158 INFO  [http-nio-8080-exec-7] [traceId=yx-mu70gxcn-b298ag1f] com.sky.filter.TraceIdFilter - 请求开始 method=POST, uri=/user/user/login
2026-09-18 21:45:33.159 INFO  [http-nio-8080-exec-7] [traceId=yx-mu70gxcn-b298ag1f] c.sky.controller.user.UserController - 用户登录：0e3K9jHa1upmrM09cyGa1x4AgC4K9jHY
2026-09-18 21:45:33.159 INFO  [http-nio-8080-exec-7] [traceId=yx-mu70gxcn-b298ag1f] com.sky.service.impl.UserServiceImpl - 微信登录，参数：UserLoginDTO(code=0e3K9jHa1upmrM09cyGa1x4AgC4K9jHY)
2026-09-18 21:45:33.159 INFO  [http-nio-8080-exec-7] [traceId=yx-mu70gxcn-b298ag1f] com.sky.service.impl.UserServiceImpl - 使用本地模拟微信登录，openid=dev_u7w3h0
2026-09-18 21:45:33.159 DEBUG [http-nio-8080-exec-7] [traceId=yx-mu70gxcn-b298ag1f] c.sky.mapper.UserMapper.getByOpenid - ==>  Preparing: select * from user where openid = ?
2026-09-18 21:45:33.160 DEBUG [http-nio-8080-exec-7] [traceId=yx-mu70gxcn-b298ag1f] c.sky.mapper.UserMapper.getByOpenid - ==> Parameters: dev_u7w3h0(String)
2026-09-18 21:45:33.161 DEBUG [http-nio-8080-exec-7] [traceId=yx-mu70gxcn-b298ag1f] c.sky.mapper.UserMapper.getByOpenid - <==      Total: 0
2026-09-18 21:45:33.161 DEBUG [http-nio-8080-exec-7] [traceId=yx-mu70gxcn-b298ag1f] com.sky.mapper.UserMapper.insert - ==>  Preparing: insert into user (openid, name, phone, sex, id_number, avatar, create_time) values (?, ?, ?, ?, ?, ?, ?)
2026-09-18 21:45:33.162 DEBUG [http-nio-8080-exec-7] [traceId=yx-mu70gxcn-b298ag1f] com.sky.mapper.UserMapper.insert - ==> Parameters: dev_u7w3h0(String), null, null, null, null, null, 2026-09-18T21:45:33.161891800(LocalDateTime)
2026-09-18 21:45:33.166 DEBUG [http-nio-8080-exec-7] [traceId=yx-mu70gxcn-b298ag1f] com.sky.mapper.UserMapper.insert - <==    Updates: 1
2026-09-18 21:45:33.168 INFO  [http-nio-8080-exec-7] [traceId=yx-mu70gxcn-b298ag1f] com.sky.filter.TraceIdFilter - 请求结束 method=POST, uri=/user/user/login, status=200, elapsedMs=10
2026-09-18 21:45:33.186 INFO  [http-nio-8080-exec-9] [traceId=yx-mu70gxdn-tb9vfkr1] com.sky.filter.TraceIdFilter - 请求开始 method=GET, uri=/user/category/list
2026-09-18 21:45:33.186 INFO  [http-nio-8080-exec-9] [traceId=yx-mu70gxdn-tb9vfkr1] c.s.i.JwtTokenUserInterceptor - jwt校验:eyJhbGciOiJIUzI1NiJ9.eyJleHAiOjE3ODk3NDYzMzMsInVzZXJJZCI6MTR9.YvHpCen8DkbudvAHFAh53rMFy8aiZSFUzveOE32BW1M
2026-09-18 21:45:33.187 INFO  [http-nio-8080-exec-9] [traceId=yx-mu70gxdn-tb9vfkr1] c.s.i.JwtTokenUserInterceptor - 当前用户id：14
2026-09-18 21:45:33.188 DEBUG [http-nio-8080-exec-9] [traceId=yx-mu70gxdn-tb9vfkr1] com.sky.mapper.CategoryMapper.list - ==>  Preparing: select * from category where status = 1 order by sort asc,create_time desc
2026-09-18 21:45:33.188 DEBUG [http-nio-8080-exec-9] [traceId=yx-mu70gxdn-tb9vfkr1] com.sky.mapper.CategoryMapper.list - ==> Parameters: 
2026-09-18 21:45:33.190 DEBUG [http-nio-8080-exec-9] [traceId=yx-mu70gxdn-tb9vfkr1] com.sky.mapper.CategoryMapper.list - <==      Total: 8
2026-09-18 21:45:33.191 INFO  [http-nio-8080-exec-8] [traceId=yx-mu70gxds-dnjy1pkm] com.sky.filter.TraceIdFilter - 请求开始 method=GET, uri=/user/shoppingCart/list
2026-09-18 21:45:33.191 INFO  [http-nio-8080-exec-8] [traceId=yx-mu70gxds-dnjy1pkm] c.s.i.JwtTokenUserInterceptor - jwt校验:eyJhbGciOiJIUzI1NiJ9.eyJleHAiOjE3ODk3NDYzMzMsInVzZXJJZCI6MTR9.YvHpCen8DkbudvAHFAh53rMFy8aiZSFUzveOE32BW1M
2026-09-18 21:45:33.191 INFO  [http-nio-8080-exec-9] [traceId=yx-mu70gxdn-tb9vfkr1] com.sky.filter.TraceIdFilter - 请求结束 method=GET, uri=/user/category/list, status=200, elapsedMs=5
2026-09-18 21:45:33.191 INFO  [http-nio-8080-exec-8] [traceId=yx-mu70gxds-dnjy1pkm] c.s.i.JwtTokenUserInterceptor - 当前用户id：14
2026-09-18 21:45:33.192 INFO  [http-nio-8080-exec-8] [traceId=yx-mu70gxds-dnjy1pkm] c.s.c.user.ShoppingCartController - 用户查看购物车
2026-09-18 21:45:33.192 DEBUG [http-nio-8080-exec-8] [traceId=yx-mu70gxds-dnjy1pkm] c.sky.mapper.ShoppingCartMapper.list - ==>  Preparing: select * from shopping_cart WHERE user_id = ?
2026-09-18 21:45:33.192 DEBUG [http-nio-8080-exec-8] [traceId=yx-mu70gxds-dnjy1pkm] c.sky.mapper.ShoppingCartMapper.list - ==> Parameters: 14(Long)
2026-09-18 21:45:33.193 DEBUG [http-nio-8080-exec-8] [traceId=yx-mu70gxds-dnjy1pkm] c.sky.mapper.ShoppingCartMapper.list - <==      Total: 0
2026-09-18 21:45:33.195 INFO  [http-nio-8080-exec-8] [traceId=yx-mu70gxds-dnjy1pkm] com.sky.filter.TraceIdFilter - 请求结束 method=GET, uri=/user/shoppingCart/list, status=200, elapsedMs=4
2026-09-18 21:45:33.213 INFO  [http-nio-8080-exec-10] [traceId=yx-mu70gxe9-gcdxkb8n] com.sky.filter.TraceIdFilter - 请求开始 method=GET, uri=/user/dish/list
2026-09-18 21:45:33.213 INFO  [http-nio-8080-exec-10] [traceId=yx-mu70gxe9-gcdxkb8n] c.s.i.JwtTokenUserInterceptor - jwt校验:eyJhbGciOiJIUzI1NiJ9.eyJleHAiOjE3ODk3NDYzMzMsInVzZXJJZCI6MTR9.YvHpCen8DkbudvAHFAh53rMFy8aiZSFUzveOE32BW1M
2026-09-18 21:45:33.214 INFO  [http-nio-8080-exec-10] [traceId=yx-mu70gxe9-gcdxkb8n] c.s.i.JwtTokenUserInterceptor - 当前用户id：14
2026-09-18 21:45:33.214 INFO  [http-nio-8080-exec-10] [traceId=yx-mu70gxe9-gcdxkb8n] c.sky.controller.user.DishController - 根据分类 ID 查询商品，分类 ID：11
2026-09-18 21:45:33.216 INFO  [http-nio-8080-exec-10] [traceId=yx-mu70gxe9-gcdxkb8n] c.sky.controller.user.DishController - 从缓存中查询商品数据
2026-09-18 21:45:33.217 INFO  [http-nio-8080-exec-10] [traceId=yx-mu70gxe9-gcdxkb8n] com.sky.filter.TraceIdFilter - 请求结束 method=GET, uri=/user/dish/list, status=200, elapsedMs=5
2026-09-18 21:46:00.008 INFO  [scheduling-1] [traceId=] com.sky.task.OrderTask - user订单取消任务开始执行
2026-09-18 21:46:00.008 DEBUG [scheduling-1] [traceId=] c.s.m.O.cancelOrderByStatusAndTime - ==>  Preparing: select * from orders where status = ? and order_time < ?
2026-09-18 21:46:00.009 DEBUG [scheduling-1] [traceId=] c.s.m.O.cancelOrderByStatusAndTime - ==> Parameters: 1(Integer), 2026-09-18T21:31:00.008754500(LocalDateTime)
2026-09-18 21:46:00.010 DEBUG [scheduling-1] [traceId=] c.s.m.O.cancelOrderByStatusAndTime - <==      Total: 0
2026-09-18 21:46:05.797 INFO  [http-nio-8080-exec-1] [traceId=yx-mu70hm7y-4326k4ob] com.sky.filter.TraceIdFilter - 请求开始 method=GET, uri=/user/shop/status
2026-09-18 21:46:05.798 INFO  [http-nio-8080-exec-1] [traceId=yx-mu70hm7y-4326k4ob] c.sky.controller.user.ShopController - 获取营业状态：营业中
2026-09-18 21:46:05.798 INFO  [http-nio-8080-exec-1] [traceId=yx-mu70hm7y-4326k4ob] com.sky.filter.TraceIdFilter - 请求结束 method=GET, uri=/user/shop/status, status=200, elapsedMs=1
2026-09-18 21:46:31.085 INFO  [http-nio-8080-exec-2] [traceId=yx-mu70i621-5srkedcz] com.sky.filter.TraceIdFilter - 请求开始 method=POST, uri=/user/user/login
2026-09-18 21:46:31.086 INFO  [http-nio-8080-exec-2] [traceId=yx-mu70i621-5srkedcz] c.sky.controller.user.UserController - 用户登录：0c3lF61w3VYHL73jAQ1w3aajhF3lF61D
2026-09-18 21:46:31.086 INFO  [http-nio-8080-exec-2] [traceId=yx-mu70i621-5srkedcz] com.sky.service.impl.UserServiceImpl - 微信登录，参数：UserLoginDTO(code=0c3lF61w3VYHL73jAQ1w3aajhF3lF61D)
2026-09-18 21:46:31.086 INFO  [http-nio-8080-exec-2] [traceId=yx-mu70i621-5srkedcz] com.sky.service.impl.UserServiceImpl - 使用本地模拟微信登录，openid=dev_17px9x8
2026-09-18 21:46:31.086 DEBUG [http-nio-8080-exec-2] [traceId=yx-mu70i621-5srkedcz] c.sky.mapper.UserMapper.getByOpenid - ==>  Preparing: select * from user where openid = ?
2026-09-18 21:46:31.086 DEBUG [http-nio-8080-exec-2] [traceId=yx-mu70i621-5srkedcz] c.sky.mapper.UserMapper.getByOpenid - ==> Parameters: dev_17px9x8(String)
2026-09-18 21:46:31.087 DEBUG [http-nio-8080-exec-2] [traceId=yx-mu70i621-5srkedcz] c.sky.mapper.UserMapper.getByOpenid - <==      Total: 0
2026-09-18 21:46:31.087 DEBUG [http-nio-8080-exec-2] [traceId=yx-mu70i621-5srkedcz] com.sky.mapper.UserMapper.insert - ==>  Preparing: insert into user (openid, name, phone, sex, id_number, avatar, create_time) values (?, ?, ?, ?, ?, ?, ?)
2026-09-18 21:46:31.087 DEBUG [http-nio-8080-exec-2] [traceId=yx-mu70i621-5srkedcz] com.sky.mapper.UserMapper.insert - ==> Parameters: dev_17px9x8(String), null, null, null, null, null, 2026-09-18T21:46:31.087279700(LocalDateTime)
2026-09-18 21:46:31.091 DEBUG [http-nio-8080-exec-2] [traceId=yx-mu70i621-5srkedcz] com.sky.mapper.UserMapper.insert - <==    Updates: 1
2026-09-18 21:46:31.092 INFO  [http-nio-8080-exec-2] [traceId=yx-mu70i621-5srkedcz] com.sky.filter.TraceIdFilter - 请求结束 method=POST, uri=/user/user/login, status=200, elapsedMs=7
2026-09-18 21:46:31.104 INFO  [http-nio-8080-exec-6] [traceId=yx-mu70i62j-frqmuetr] com.sky.filter.TraceIdFilter - 请求开始 method=GET, uri=/user/category/list
2026-09-18 21:46:31.104 INFO  [http-nio-8080-exec-6] [traceId=yx-mu70i62j-frqmuetr] c.s.i.JwtTokenUserInterceptor - jwt校验:eyJhbGciOiJIUzI1NiJ9.eyJleHAiOjE3ODk3NDYzOTEsInVzZXJJZCI6MTV9.lnOVxjSsY_Q21duNWohY48AGRIUnwuhzIkkOHFAjtyE
2026-09-18 21:46:31.104 INFO  [http-nio-8080-exec-6] [traceId=yx-mu70i62j-frqmuetr] c.s.i.JwtTokenUserInterceptor - 当前用户id：15
2026-09-18 21:46:31.105 DEBUG [http-nio-8080-exec-6] [traceId=yx-mu70i62j-frqmuetr] com.sky.mapper.CategoryMapper.list - ==>  Preparing: select * from category where status = 1 order by sort asc,create_time desc
2026-09-18 21:46:31.105 DEBUG [http-nio-8080-exec-6] [traceId=yx-mu70i62j-frqmuetr] com.sky.mapper.CategoryMapper.list - ==> Parameters: 
2026-09-18 21:46:31.105 INFO  [http-nio-8080-exec-5] [traceId=yx-mu70i62l-3h5yj7cu] com.sky.filter.TraceIdFilter - 请求开始 method=GET, uri=/user/shoppingCart/list
2026-09-18 21:46:31.105 INFO  [http-nio-8080-exec-5] [traceId=yx-mu70i62l-3h5yj7cu] c.s.i.JwtTokenUserInterceptor - jwt校验:eyJhbGciOiJIUzI1NiJ9.eyJleHAiOjE3ODk3NDYzOTEsInVzZXJJZCI6MTV9.lnOVxjSsY_Q21duNWohY48AGRIUnwuhzIkkOHFAjtyE
2026-09-18 21:46:31.105 INFO  [http-nio-8080-exec-5] [traceId=yx-mu70i62l-3h5yj7cu] c.s.i.JwtTokenUserInterceptor - 当前用户id：15
2026-09-18 21:46:31.105 INFO  [http-nio-8080-exec-5] [traceId=yx-mu70i62l-3h5yj7cu] c.s.c.user.ShoppingCartController - 用户查看购物车
2026-09-18 21:46:31.106 DEBUG [http-nio-8080-exec-6] [traceId=yx-mu70i62j-frqmuetr] com.sky.mapper.CategoryMapper.list - <==      Total: 8
2026-09-18 21:46:31.106 ERROR [http-nio-8080-exec-5] [traceId=yx-mu70i62l-3h5yj7cu] c.a.d.pool.DruidAbstractDataSource - discard long time none received connection. , jdbcUrl : jdbc:mysql://localhost:3306/sky_take_out?serverTimezone=Asia/Shanghai&useUnicode=true&characterEncoding=utf-8&zeroDateTimeBehavior=convertToNull&useSSL=false&allowPublicKeyRetrieval=true, jdbcUrl : jdbc:mysql://localhost:3306/sky_take_out?serverTimezone=Asia/Shanghai&useUnicode=true&characterEncoding=utf-8&zeroDateTimeBehavior=convertToNull&useSSL=false&allowPublicKeyRetrieval=true, lastPacketReceivedIdleMillis : 217007
2026-09-18 21:46:31.106 DEBUG [http-nio-8080-exec-5] [traceId=yx-mu70i62l-3h5yj7cu] c.sky.mapper.ShoppingCartMapper.list - ==>  Preparing: select * from shopping_cart WHERE user_id = ?
2026-09-18 21:46:31.107 DEBUG [http-nio-8080-exec-5] [traceId=yx-mu70i62l-3h5yj7cu] c.sky.mapper.ShoppingCartMapper.list - ==> Parameters: 15(Long)
2026-09-18 21:46:31.107 INFO  [http-nio-8080-exec-6] [traceId=yx-mu70i62j-frqmuetr] com.sky.filter.TraceIdFilter - 请求结束 method=GET, uri=/user/category/list, status=200, elapsedMs=3
2026-09-18 21:46:31.107 DEBUG [http-nio-8080-exec-5] [traceId=yx-mu70i62l-3h5yj7cu] c.sky.mapper.ShoppingCartMapper.list - <==      Total: 0
2026-09-18 21:46:31.108 INFO  [http-nio-8080-exec-5] [traceId=yx-mu70i62l-3h5yj7cu] com.sky.filter.TraceIdFilter - 请求结束 method=GET, uri=/user/shoppingCart/list, status=200, elapsedMs=3
2026-09-18 21:46:31.120 INFO  [http-nio-8080-exec-3] [traceId=yx-mu70i62z-6oi57gf0] com.sky.filter.TraceIdFilter - 请求开始 method=GET, uri=/user/dish/list
2026-09-18 21:46:31.120 INFO  [http-nio-8080-exec-3] [traceId=yx-mu70i62z-6oi57gf0] c.s.i.JwtTokenUserInterceptor - jwt校验:eyJhbGciOiJIUzI1NiJ9.eyJleHAiOjE3ODk3NDYzOTEsInVzZXJJZCI6MTV9.lnOVxjSsY_Q21duNWohY48AGRIUnwuhzIkkOHFAjtyE
2026-09-18 21:46:31.120 INFO  [http-nio-8080-exec-3] [traceId=yx-mu70i62z-6oi57gf0] c.s.i.JwtTokenUserInterceptor - 当前用户id：15
2026-09-18 21:46:31.120 INFO  [http-nio-8080-exec-3] [traceId=yx-mu70i62z-6oi57gf0] c.sky.controller.user.DishController - 根据分类 ID 查询商品，分类 ID：11
2026-09-18 21:46:31.121 INFO  [http-nio-8080-exec-3] [traceId=yx-mu70i62z-6oi57gf0] c.sky.controller.user.DishController - 从缓存中查询商品数据
2026-09-18 21:46:31.122 INFO  [http-nio-8080-exec-3] [traceId=yx-mu70i62z-6oi57gf0] com.sky.filter.TraceIdFilter - 请求结束 method=GET, uri=/user/dish/list, status=200, elapsedMs=2
2026-09-18 21:47:00.002 INFO  [scheduling-1] [traceId=] com.sky.task.OrderTask - user订单取消任务开始执行
2026-09-18 21:47:00.002 DEBUG [scheduling-1] [traceId=] c.s.m.O.cancelOrderByStatusAndTime - ==>  Preparing: select * from orders where status = ? and order_time < ?
2026-09-18 21:47:00.003 DEBUG [scheduling-1] [traceId=] c.s.m.O.cancelOrderByStatusAndTime - ==> Parameters: 1(Integer), 2026-09-18T21:32:00.002575700(LocalDateTime)
2026-09-18 21:47:00.006 DEBUG [scheduling-1] [traceId=] c.s.m.O.cancelOrderByStatusAndTime - <==      Total: 0
2026-09-18 21:47:15.683 INFO  [http-nio-8080-exec-4] [traceId=2b82d420c4544bd4b31b6bbcda492e03] com.sky.filter.TraceIdFilter - 请求开始 method=GET, uri=/
2026-09-18 21:47:15.686 WARN  [http-nio-8080-exec-4] [traceId=2b82d420c4544bd4b31b6bbcda492e03] o.s.web.servlet.PageNotFound - No mapping for GET /
2026-09-18 21:47:15.686 INFO  [http-nio-8080-exec-4] [traceId=2b82d420c4544bd4b31b6bbcda492e03] com.sky.filter.TraceIdFilter - 请求结束 method=GET, uri=/, status=404, elapsedMs=3
[INFO] ------------------------------------------------------------------------
[INFO] BUILD FAILURE
[INFO] ------------------------------------------------------------------------
[INFO] Total time:  12:13 min
[INFO] Finished at: 2026-09-18T21:47:47+08:00
[INFO] ------------------------------------------------------------------------
[ERROR] Failed to execute goal org.springframework.boot:spring-boot-maven-plugin:2.7.3:run (default-cli) on project sky-server: Application finished with exit code: -1 -> [Help 1]
[ERROR] 
[ERROR] To see the full stack trace of the errors, re-run Maven with the -e switch.
[ERROR] Re-run Maven using the -X switch to enable full debug logging.
[ERROR] 
[ERROR] For more information about the errors and possible solutions, please read the following articles:
[ERROR] [Help 1] http://cwiki.apache.org/confluence/display/MAVEN/MojoExecutionException
